Longitude,Latitude,NotClass
-13.24955333,8.45656,High
-13.23839667,8.375165,High
-13.13353667,8.37225,High
-13.20815667,8.469855,High
-13.19111833,8.461526667,High
-13.21432667,8.485028333,High
-13.185375,8.3437,High
-13.14035833,8.37281,High
-13.21733667,8.483065,High
-13.283605,8.425788333,High
-13.19151667,8.461836667,High
-13.25147333,8.45371,High
-13.26668333,8.484581667,High
-13.21419667,8.342018333,High
-13.213045,8.480558333,High
-13.181215,8.334786667,High
-13.26777333,8.46443,High
-13.19701167,8.339013333,High
-13.21441833,8.345023333,High
-13.13600167,8.386335,High
-13.253465,8.399266667,High
-13.264385,8.395775,High
-13.234625,8.363606667,High
-13.13651,8.378316667,High
-13.20531,8.446438333,High
-13.22987167,8.346286667,High
-13.25755,8.44411,High
-13.22962667,8.346095,High
-13.24096167,8.377811667,High
-13.134905,8.39271,High
-13.21428167,8.345086667,High
-13.25052,8.456036667,High
-13.13472833,8.387463333,High
-13.22083667,8.47785,High
-13.25151167,8.471403333,High
-13.21808833,8.436471667,High
-13.22933333,8.34894,High
-13.26077833,8.383825,High
-13.25981,8.478831667,High
-13.13374333,8.371111667,High
-13.13262833,8.375933333,High
-13.24623167,8.484196667,High
-13.13262833,8.375618333,High
-13.14319667,8.412523333,High
-13.14764,8.379116667,High
-13.14346667,8.407918333,High
-13.25598833,8.40169,High
-13.17970167,8.454173333,High
-13.27734,8.43108,High
-13.277835,8.451438333,High
-13.13966833,8.37371,High
-13.216435,8.484103333,High
-13.26009167,8.47878,High
-13.26132333,8.406496667,High
-13.19308833,8.459263333,High
-13.25838667,8.458788333,High
-13.22227833,8.480003333,High
-13.138855,8.37495,High
-13.20558667,8.471726667,High
-13.25486333,8.440436667,High
-13.13238167,8.380421667,High
-13.19170333,8.462355,High
-13.15046833,8.412715,High
-13.25134667,8.45424,High
-13.27671167,8.436371667,High
-13.21639,8.4842,High
-13.26108833,8.40468,High
-13.1486,8.375963333,High
-13.25547167,8.449745,High
-13.216765,8.483803333,High
-13.28835,8.430403333,High
-13.19173,8.462383333,High
-13.25179667,8.452458333,High
-13.13533667,8.370425,High
-13.26797667,8.463963333,High
-13.23244333,8.364151667,High
-13.23023667,8.353506667,High
-13.243095,8.380981667,High
-13.20704167,8.470878333,High
-13.128515,8.382871667,High
-13.25734833,8.38505,High
-13.16005333,8.396815,High
-13.15052333,8.401335,High
-13.22866833,8.34992,High
-13.14521,8.40162,High
-13.24816833,8.472828333,High
-13.172615,8.433108333,High
-13.12706,8.395408333,High
-13.25167,8.453318333,High
-13.26513167,8.399093333,High
-13.267545,8.430146667,High
-13.12544167,8.385701667,High
-13.12654833,8.395528333,High
-13.27801833,8.427133333,High
-13.25091833,8.45143,High
-13.23560833,8.363251667,High
-13.28523167,8.424991667,High
-13.13781667,8.376593333,High
-13.26460167,8.397838333,High
-13.13796167,8.377975,High
-13.19946,8.428071667,High
-13.12962667,8.382468333,High
-13.25434833,8.439575,High
-13.24721,8.446923333,High
-13.25524333,8.44945,High
-13.20831667,8.468983333,High
-13.13872,8.379863333,High
-13.20618333,8.474848333,High
-13.19226,8.462588333,High
-13.21459333,8.480635,High
-13.26322333,8.402626667,High
-13.24766833,8.448378333,High
-13.28863667,8.42292,High
-13.14469167,8.381895,High
-13.20058167,8.430728333,High
-13.21314833,8.34536,High
-13.21647667,8.481388333,High
-13.20497667,8.446433333,High
-13.255915,8.38733,High
-13.25767667,8.384578333,High
-13.12388667,8.396175,High
-13.26189167,8.394163333,High
-13.23414167,8.371555,High
-13.14277333,8.412765,High
-13.20789167,8.464351667,High
-13.14295167,8.383231667,High
-13.22808333,8.345998333,High
-13.142535,8.407836667,High
-13.27768167,8.427251667,High
-13.256085,8.403266667,High
-13.14238333,8.413046667,High
-13.11853667,8.397736667,High
-13.1922,8.460356667,High
-13.17926,8.453631667,High
-13.27402333,8.437326667,High
-13.247485,8.447168333,High
-13.185385,8.46467,High
-13.13762833,8.37677,High
-13.26836667,8.431623333,High
-13.27650667,8.436481667,High
-13.11818833,8.397391667,High
-13.21070833,8.489136667,High
-13.14842167,8.37519,High
-13.23847667,8.484111667,High
-13.25150167,8.453546667,High
-13.13487,8.387186667,High
-13.14383167,8.382366667,High
-13.14281167,8.407881667,High
-13.20768667,8.465021667,High
-13.14849167,8.37533,High
-13.26013167,8.383443333,High
-13.28780833,8.426736667,High
-13.13393667,8.370973333,High
-13.198965,8.42993,High
-13.14963,8.401023333,High
-13.21307833,8.450371667,High
-13.20840667,8.468461667,High
-13.227225,8.347116667,High
-13.21530167,8.484161667,High
-13.26049833,8.383658333,High
-13.25120667,8.471143333,High
-13.26260667,8.468408333,High
-13.13462,8.393098333,High
-13.13627167,8.386323333,High
-13.12002833,8.394918333,High
-13.28787,8.424475,High
-13.14242167,8.37006,High
-13.26527667,8.399371667,High
-13.1292,8.391135,High
-13.26425667,8.402381667,High
-13.270455,8.441001667,High
-13.20538833,8.47384,High
-13.26118167,8.444935,High
-13.192095,8.460428333,High
-13.22791833,8.371135,High
-13.21723667,8.344023333,High
-13.25756667,8.402423333,High
-13.26083667,8.39427,High
-13.11921667,8.39545,High
-13.27599667,8.43678,High
-13.25211833,8.452635,High
-13.15041667,8.412691667,High
-13.28849,8.431183333,High
-13.28816833,8.429493333,High
-13.21503833,8.34484,High
-13.22503333,8.347566667,High
-13.20919333,8.485933333,High
-13.27635,8.436555,High
-13.27037333,8.440598333,High
-13.14292667,8.383315,High
-13.22988333,8.351771667,High
-13.173165,8.432841667,High
-13.25225833,8.397798333,High
-13.25716,8.402321667,High
-13.19087,8.461495,High
-13.20813,8.470198333,High
-13.20153,8.430903333,High
-13.24641667,8.478616667,High
-13.20574667,8.47365,High
-13.13792,8.377856667,High
-13.14868833,8.400645,High
-13.26425667,8.394506667,High
-13.25610167,8.403936667,High
-13.14052833,8.372516667,High
-13.22093833,8.489698333,High
-13.25152,8.452241667,High
-13.194505,8.463108333,High
-13.13617,8.374336667,High
-13.22559667,8.481785,High
-13.25388833,8.445781667,High
-13.12967167,8.382451667,High
-13.20516667,8.473178333,High
-13.279035,8.444718333,High
-13.12776,8.382813333,High
-13.25235833,8.387338333,High
-13.23588167,8.361641667,High
-13.179635,8.453296667,High
-13.14339333,8.408426667,High
-13.21732167,8.48112,High
-13.26461167,8.452436667,High
-13.14291,8.3702,High
-13.19280667,8.45956,High
-13.27852833,8.440181667,High
-13.23594833,8.361983333,High
-13.20590833,8.469735,High
-13.25192333,8.473675,High
-13.22375667,8.484651667,High
-13.26972667,8.490521667,High
-13.23500167,8.361235,High
-13.19234167,8.460248333,High
-13.25858833,8.477728333,High
-13.209125,8.475781667,High
-13.26584333,8.40068,High
-13.25099167,8.451663333,High
-13.21805333,8.481766667,High
-13.26153833,8.47713,High
-13.254365,8.400908333,High
-13.13628667,8.374213333,High
-13.14776,8.400466667,High
-13.12830667,8.38301,High
-13.13828333,8.376115,High
-13.20634333,8.473863333,High
-13.280345,8.426558333,High
-13.20769,8.340568333,High
-13.13718833,8.378505,High
-13.25215833,8.452726667,High
-13.25907333,8.39218,High
-13.12779833,8.39237,High
-13.28836167,8.424045,High
-13.23858167,8.375323333,High
-13.25196833,8.452906667,High
-13.21592,8.481378333,High
-13.26134333,8.406398333,High
-13.24988833,8.446641667,High
-13.21413167,8.341978333,High
-13.14862833,8.377336667,High
-13.21765,8.481038333,High
-13.12834833,8.382983333,High
-13.21617167,8.343298333,High
-13.20973833,8.340148333,High
-13.272465,8.443355,High
-13.19103,8.461271667,High
-13.25071833,8.454936667,High
-13.13805833,8.378175,High
-13.26119833,8.394666667,High
-13.27160833,8.478791667,High
-13.13820333,8.378465,High
-13.21599833,8.34426,High
-13.18823167,8.463343333,High
-13.24770667,8.448431667,High
-13.2177,8.485926667,High
-13.20332167,8.338671667,High
-13.20344,8.425041667,High
-13.13749167,8.380133333,High
-13.13688,8.379008333,High
-13.20700833,8.446893333,High
-13.27672667,8.42444,High
-13.14564833,8.372416667,High
-13.256635,8.449073333,High
-13.13549833,8.376426667,High
-13.23087333,8.369003333,High
-13.266215,8.401748333,High
-13.18483667,8.46464,High
-13.25524333,8.40263,High
-13.18455333,8.464623333,High
-13.13368,8.37155,High
-13.21726667,8.439451667,High
-13.19179167,8.462428333,High
-13.18420333,8.458098333,High
-13.24664,8.446848333,High
-13.2257,8.481528333,High
-13.288405,8.431758333,High
-13.14544167,8.400271667,High
-13.128315,8.382438333,High
-13.20585667,8.473426667,High
-13.27728333,8.431251667,High
-13.27122333,8.44186,High
-13.255245,8.40302,High
-13.13716667,8.379535,High
-13.20559833,8.471535,High
-13.17194167,8.433543333,High
-13.12865167,8.382815,High
-13.137055,8.386348333,High
-13.25742167,8.384918333,High
-13.23597667,8.3631,High
-13.11857,8.395818333,High
-13.24734333,8.448061667,High
-13.21779833,8.437931667,High
-13.12693,8.392946667,High
-13.18263167,8.342623333,High
-13.259115,8.39222,High
-13.230485,8.346761667,High
-13.22718833,8.347173333,High
-13.18050667,8.340295,High
-13.20530167,8.423006667,High
-13.25329333,8.474343333,High
-13.20527,8.421165,High
-13.232495,8.362086667,High
-13.13741833,8.378491667,High
-13.25699167,8.450498333,High
-13.14287167,8.383841667,High
-13.20508833,8.472546667,High
-13.12809667,8.383168333,High
-13.25804,8.390313333,High
-13.27751333,8.4331,High
-13.25342333,8.399213333,High
-13.28722,8.431885,High
-13.13277333,8.393836667,High
-13.28786167,8.424361667,High
-13.20142167,8.337973333,High
-13.267295,8.429853333,High
-13.21461333,8.480696667,High
-13.25407,8.4475,High
-13.17008667,8.435723333,High
-13.121245,8.394391667,High
-13.12927167,8.394811667,High
-13.21640167,8.434046667,High
-13.22243333,8.48022,High
-13.274405,8.436685,High
-13.217315,8.344121667,High
-13.28319833,8.425968333,High
-13.24735333,8.384146667,High
-13.205035,8.472846667,High
-13.145925,8.381106667,High
-13.13619,8.377728333,High
-13.28794333,8.425336667,High
-13.24729,8.448025,High
-13.13640833,8.373081667,High
-13.27688833,8.424743333,High
-13.25417167,8.448201667,High
-13.258595,8.477843333,High
-13.14114,8.370816667,High
-13.14307667,8.412618333,High
-13.22083333,8.477295,High
-13.12895333,8.39162,High
-13.21378167,8.480161667,High
-13.226405,8.44363,High
-13.25567833,8.387666667,High
-13.25717667,8.402133333,High
-13.20636833,8.472793333,High
-13.26091833,8.404626667,High
-13.18831667,8.463325,High
-13.12774333,8.395246667,High
-13.25144833,8.453835,High
-13.23019167,8.35323,High
-13.13479333,8.387293333,High
-13.13734833,8.378406667,High
-13.20130667,8.337946667,High
-13.18932667,8.462611667,High
-13.134665,8.392196667,High
-13.20578,8.473576667,High
-13.27303333,8.446585,High
-13.21422167,8.443668333,High
-13.28672667,8.431963333,High
-13.19258167,8.46262,High
-13.25798667,8.444191667,High
-13.1476,8.379476667,High
-13.22922333,8.349103333,High
-13.13364667,8.371243333,High
-13.26114667,8.407368333,High
-13.14548667,8.401308333,High
-13.20520667,8.42242,High
-13.18073667,8.334793333,High
-13.20282167,8.338506667,High
-13.14379333,8.41211,High
-13.13535,8.376133333,High
-13.12372333,8.388333333,High
-13.26050667,8.385886667,High
-13.28272667,8.426093333,High
-13.14763167,8.379166667,High
-13.26392,8.40238,High
-13.27078,8.434536667,High
-13.13497833,8.387066667,High
-13.27143,8.461048333,High
-13.252355,8.398186667,High
-13.21022,8.3401,High
-13.12757167,8.392468333,High
-13.21209167,8.340621667,High
-13.256025,8.401761667,High
-13.25617833,8.403825,High
-13.28786833,8.424786667,High
-13.20683667,8.446821667,High
-13.28018667,8.426598333,High
-13.18944167,8.462445,High
-13.28850167,8.431246667,High
-13.208505,8.47617,High
-13.25149,8.453605,High
-13.20533667,8.472236667,High
-13.26434667,8.394665,High
-13.25817167,8.383805,High
-13.12918833,8.3826,High
-13.260505,8.39369,High
-13.25264667,8.387526667,High
-13.21175167,8.479725,High
-13.23585,8.361593333,High
-13.26276167,8.46257,High
-13.26627333,8.468583333,High
-13.22882667,8.345495,High
-13.22787333,8.477383333,High
-13.14847,8.400566667,High
-13.13257167,8.377175,High
-13.28114667,8.426345,High
-13.20794,8.464256667,High
-13.13538833,8.375256667,High
-13.18222333,8.334801667,High
-13.248525,8.44881,High
-13.23529,8.36126,High
-13.20198,8.431093333,High
-13.20626667,8.474206667,High
-13.22969667,8.351305,High
-13.12953333,8.394755,High
-13.172655,8.433088333,High
-13.13260667,8.374991667,High
-13.13847667,8.375871667,High
-13.263425,8.394886667,High
-13.181675,8.456005,High
-13.287855,8.423365,High
-13.25093667,8.450855,High
-13.13716833,8.379178333,High
-13.253935,8.446251667,High
-13.26349167,8.468866667,High
-13.25836167,8.383521667,High
-13.26778833,8.483998333,High
-13.21793167,8.437211667,High
-13.27875333,8.44237,High
-13.12361167,8.395106667,High
-13.14240667,8.413031667,High
-13.26291,8.451928333,High
-13.21128167,8.450288333,High
-13.264465,8.45233,High
-13.27694167,8.424846667,High
-13.287875,8.42485,High
-13.25991167,8.387095,High
-13.21857833,8.434846667,High
-13.26839833,8.432456667,High
-13.21062833,8.476335,High
-13.194415,8.462746667,High
-13.182225,8.456735,High
-13.22758333,8.346595,High
-13.21323333,8.34531,High
-13.26078333,8.451493333,High
-13.279065,8.445105,High
-13.11938667,8.395333333,High
-13.123705,8.395808333,High
-13.145705,8.40114,High
-13.18140167,8.455726667,High
-13.21521667,8.480295,High
-13.13863833,8.375408333,High
-13.16001167,8.425578333,High
-13.28819,8.423133333,High
-13.13262667,8.375293333,High
-13.26325167,8.394276667,High
-13.13434667,8.370553333,High
-13.260475,8.393645,High
-13.14912333,8.400813333,High
-13.14380667,8.384506667,High
-13.21259167,8.480831667,High
-13.264135,8.396041667,High
-13.23798333,8.483916667,High
-13.12788833,8.382691667,High
-13.14383333,8.412075,High
-13.258315,8.391443333,High
-13.13259667,8.374883333,High
-13.25725667,8.385255,High
-13.12408,8.388708333,High
-13.240585,8.452253333,High
-13.27256167,8.437943333,High
-13.23572667,8.361476667,High
-13.25605333,8.40407,High
-13.19211667,8.46041,High
-13.248565,8.448776667,High
-13.25993167,8.38876,High
-13.22384667,8.484601667,High
-13.22065167,8.489663333,High
-13.266365,8.402108333,High
-13.24642333,8.44727,High
-13.253585,8.388005,High
-13.12866,8.389083333,High
-13.20596167,8.469621667,High
-13.225405,8.482253333,High
-13.162815,8.398945,High
-13.20550333,8.470263333,High
-13.14850333,8.377535,High
-13.14437,8.384906667,High
-13.22675667,8.347721667,High
-13.26142333,8.47536,High
-13.21734,8.344131667,High
-13.21801167,8.436958333,High
-13.21780333,8.437846667,High
-13.21634833,8.445985,High
-13.184615,8.464613333,High
-13.14281667,8.383538333,High
-13.26354167,8.402278333,High
-13.13607,8.377541667,High
-13.27887833,8.44959,High
-13.25933833,8.447451667,High
-13.246825,8.446626667,High
-13.12737167,8.395335,High
-13.26561167,8.42868,High
-13.27898167,8.438621667,High
-13.12271667,8.394026667,High
-13.25401,8.44696,High
-13.12670667,8.384393333,High
-13.20623167,8.474408333,High
-13.13257333,8.377326667,High
-13.26167833,8.40485,High
-13.25723167,8.385301667,High
-13.13417167,8.391023333,High
-13.144785,8.370335,High
-13.1346,8.387833333,High
-13.15080833,8.40137,High
-13.27131,8.441895,High
-13.21245667,8.480903333,High
-13.26005333,8.393118333,High
-13.17974,8.33928,High
-13.180465,8.337156667,High
-13.14535333,8.401426667,High
-13.20559333,8.471186667,High
-13.22895667,8.350251667,High
-13.21310167,8.480521667,High
-13.28283,8.426066667,High
-13.26321667,8.394256667,High
-13.124035,8.396113333,High
-13.28961,8.423183333,High
-13.25731333,8.40225,High
-13.22789833,8.3712,High
-13.14701,8.41273,High
-13.25001,8.456311667,High
-13.217855,8.482006667,High
-13.25812167,8.38387,High
-13.241475,8.379246667,High
-13.264815,8.398783333,High
-13.189685,8.462158333,High
-13.21343833,8.34152,High
-13.25987333,8.383296667,High
-13.25952167,8.461823333,High
-13.144165,8.402406667,High
-13.19140167,8.461658333,High
-13.26793667,8.464058333,High
-13.13261333,8.376325,High
-13.23660333,8.488433333,High
-13.24901333,8.448818333,High
-13.27677833,8.42454,High
-13.27857,8.441425,High
-13.25675667,8.449001667,High
-13.12368833,8.395745,High
-13.12417167,8.38872,High
-13.128855,8.389536667,High
-13.26503833,8.398965,High
-13.12547667,8.395766667,High
-13.257935,8.390443333,High
-13.13757,8.378776667,High
-13.135765,8.376965,High
-13.278665,8.439683333,High
-13.135575,8.375065,High
-13.24871333,8.447356667,High
-13.21487,8.344935,High
-13.255515,8.449755,High
-13.26679,8.42933,High
-13.22682167,8.347648333,High
-13.19976167,8.428696667,High
-13.21400833,8.485846667,High
-13.26088,8.451525,High
-13.266865,8.415266667,High
-13.194115,8.462265,High
-13.13652333,8.373863333,High
-13.26009333,8.404246667,High
-13.26146333,8.405788333,High
-13.18290667,8.342778333,High
-13.256015,8.387145,High
-13.26381167,8.396385,High
-13.22894667,8.349481667,High
-13.20897667,8.340298333,High
-13.14007,8.373185,High
-13.27113333,8.437968333,High
-13.20648667,8.471998333,High
-13.12203,8.394158333,High
-13.28655833,8.432045,High
-13.24323,8.479276667,High
-13.15109667,8.412996667,High
-13.25030667,8.449803333,High
-13.25411833,8.447966667,High
-13.28839667,8.423026667,High
-13.2551,8.40219,High
-13.18414,8.46495,High
-13.20544333,8.472106667,High
-13.287025,8.423685,High
-13.25199,8.452888333,High
-13.26493667,8.394903333,High
-13.25673333,8.474941667,High
-13.23142667,8.36005,High
-13.281,8.426385,High
-13.18170167,8.456026667,High
-13.26451,8.45263,High
-13.12025,8.39481,High
-13.134165,8.390986667,High
-13.13819333,8.378583333,High
-13.28857,8.431706667,High
-13.15004833,8.412503333,High
-13.25515667,8.388478333,High
-13.13676167,8.386331667,High
-13.216215,8.447311667,High
-13.25412,8.447926667,High
-13.240875,8.377718333,High
-13.226035,8.478723333,High
-13.217225,8.48728,High
-13.26410667,8.396868333,High
-13.24657667,8.44696,High
-13.18092833,8.455135,High
-13.14379667,8.411835,High
-13.14286333,8.38347,High
-13.20527167,8.421136667,High
-13.27078,8.441701667,High
-13.21765833,8.486056667,High
-13.14742833,8.379938333,High
-13.26299167,8.410631667,High
-13.20941333,8.449368333,High
-13.26146,8.47544,High
-13.27153667,8.441978333,High
-13.25062833,8.471443333,High
-13.226035,8.442111667,High
-13.23886,8.483696667,High
-13.27919333,8.446373333,High
-13.15481833,8.445526667,High
-13.21215667,8.481035,High
-13.13640833,8.373295,High
-13.27756,8.430261667,High
-13.20626167,8.469,High
-13.19062667,8.461633333,High
-13.203535,8.424936667,High
-13.148055,8.374398333,High
-13.2649,8.395173333,High
-13.25761333,8.384676667,High
-13.26046667,8.461883333,High
-13.13626667,8.374245,High
-13.13430667,8.393235,High
-13.17231833,8.433251667,High
-13.23344667,8.37095,High
-13.13259667,8.376606667,High
-13.19010333,8.342573333,High
-13.279865,8.43664,High
-13.235115,8.361243333,High
-13.25899333,8.444308333,High
-13.24728167,8.3841,High
-13.13349333,8.37258,High
-13.26075167,8.478646667,High
-13.22815333,8.37031,High
-13.207585,8.471258333,High
-13.128605,8.382835,High
-13.14846667,8.375256667,High
-13.20798833,8.464151667,High
-13.27236167,8.442675,High
-13.25096667,8.451636667,High
-13.26264,8.473343333,High
-13.19876,8.337971667,High
-13.137195,8.379583333,High
-13.23021833,8.477853333,High
-13.136475,8.373695,High
-13.14300833,8.410728333,High
-13.260555,8.385743333,High
-13.25849667,8.47739,High
-13.12539667,8.385758333,High
-13.28786833,8.424513333,High
-13.13438667,8.393205,High
-13.22861167,8.345373333,High
-13.14477167,8.370278333,High
-13.27645,8.436505,High
-13.20636167,8.472801667,High
-13.28310333,8.425996667,High
-13.264235,8.427475,High
-13.26415167,8.396015,High
-13.27140167,8.434551667,High
-13.280035,8.426635,High
-13.12752833,8.3836,High
-13.25249167,8.398355,High
-13.21060167,8.47628,High
-13.25621833,8.386818333,High
-13.27274667,8.477361667,High
-13.27796667,8.43519,High
-13.26009833,8.383426667,High
-13.25526333,8.388283333,High
-13.28793167,8.424285,High
-13.241005,8.481595,High
-13.199735,8.430233333,High
-13.14474167,8.402016667,High
-13.25623833,8.401153333,High
-13.27300833,8.446881667,High
-13.21563667,8.481798333,High
-13.21623167,8.448296667,High
-13.16051667,8.42682,High
-13.15117167,8.413028333,High
-13.13049167,8.381916667,High
-13.25386833,8.473746667,High
-13.25355,8.474321667,High
-13.19892833,8.42986,High
-13.24952,8.456501667,High
-13.21777333,8.438098333,High
-13.25434167,8.400853333,High
-13.235585,8.361358333,High
-13.27952833,8.437496667,High
-13.18212333,8.334801667,High
-13.2508,8.446098333,High
-13.27394833,8.437476667,High
-13.26809167,8.463668333,High
-13.14818333,8.378055,High
-13.27390333,8.437573333,High
-13.25307333,8.474255,High
-13.257,8.402091667,High
-13.24713,8.447941667,High
-13.24736167,8.4716,High
-13.18687167,8.464075,High
-13.13267833,8.373821667,High
-13.23467833,8.363583333,High
-13.18002333,8.454411667,High
-13.21428333,8.485146667,High
-13.26068833,8.451455,High
-13.24491833,8.478715,High
-13.276095,8.436696667,High
-13.27753667,8.42686,High
-13.14418667,8.385536667,High
-13.23089833,8.368438333,High
-13.26122667,8.445091667,High
-13.13712167,8.37919,High
-13.25470333,8.440061667,High
-13.26420833,8.453231667,High
-13.28722333,8.423613333,High
-13.211565,8.34606,High
-13.25876,8.382858333,High
-13.27909167,8.438343333,High
-13.13523333,8.369586667,High
-13.218915,8.34508,High
-13.123015,8.394268333,High
-13.14753,8.40044,High
-13.11740333,8.396256667,High
-13.27405333,8.420951667,High
-13.25275333,8.444991667,High
-13.27731667,8.425833333,High
-13.13465,8.392125,High
-13.23528333,8.372515,High
-13.14497167,8.371295,High
-13.12272667,8.388043333,High
-13.26840333,8.432343333,High
-13.12473333,8.38639,High
-13.21532167,8.47941,High
-13.26261333,8.393948333,High
-13.20559333,8.470025,High
-13.25075167,8.45029,High
-13.14833667,8.37507,High
-13.21360333,8.34163,High
-13.25418333,8.448221667,High
-13.20550167,8.470311667,High
-13.27742833,8.430698333,High
-13.25193,8.397043333,High
-13.20142833,8.434915,High
-13.25995833,8.386981667,High
-13.21683167,8.481365,High
-13.28970333,8.423201667,High
-13.27513167,8.421915,High
-13.25641167,8.403401667,High
-13.13520833,8.386473333,High
-13.25320333,8.387863333,High
-13.25577,8.38753,High
-13.1429,8.383358333,High
-13.25924167,8.444316667,High
-13.21165667,8.45017,High
-13.205925,8.47321,High
-13.25706,8.402106667,High
-13.22819,8.478083333,High
-13.13261833,8.375165,High
-13.23612,8.48051,High
-13.277135,8.436258333,High
-13.20798,8.476521667,High
-13.213505,8.450403333,High
-13.227485,8.346745,High
-13.283645,8.425771667,High
-13.26068167,8.385235,High
-13.26723167,8.429776667,High
-13.19436167,8.462561667,High
-13.20832333,8.462743333,High
-13.20361333,8.338755,High
-13.190525,8.461591667,High
-13.13636667,8.378075,High
-13.26135833,8.445746667,High
-13.15997667,8.396753333,High
-13.25390167,8.39972,High
-13.26181333,8.394208333,High
-13.179285,8.453691667,High
-13.258725,8.38291,High
-13.27699,8.424951667,High
-13.250685,8.45018,High
-13.27229667,8.442333333,High
-13.26158167,8.40532,High
-13.128375,8.395093333,High
-13.21523167,8.479961667,High
-13.19135833,8.461066667,High
-13.182695,8.334835,High
-13.26168,8.473265,High
-13.25790167,8.402728333,High
-13.28005833,8.435361667,High
-13.13017667,8.382228333,High
-13.26502667,8.40219,High
-13.21510833,8.342611667,High
-13.22566667,8.481611667,High
-13.20528,8.420866667,High
-13.21086833,8.477001667,High
-13.21904167,8.48331,High
-13.14823333,8.37487,High
-13.23157333,8.360763333,High
-13.27227,8.442215,High
-13.13645,8.373998333,High
-13.25148,8.453688333,High
-13.14582667,8.401043333,High
-13.12812,8.382501667,High
-13.25366833,8.438905,High
-13.28856667,8.43161,High
-13.11719667,8.396475,High
-13.26591333,8.401295,High
-13.24617333,8.470355,High
-13.14287167,8.383451667,High
-13.25273667,8.474135,High
-13.21764667,8.344278333,High
-13.23581,8.478286667,High
-13.2231,8.48113,High
-13.21478667,8.344968333,High
-13.28827667,8.424103333,High
-13.276565,8.436455,High
-13.1208,8.394606667,High
-13.26253333,8.468378333,High
-13.25565,8.403155,High
-13.24933667,8.4489,High
-13.24670833,8.4467,High
-13.235705,8.487206667,High
-13.13094167,8.394376667,High
-13.21782,8.437665,High
-13.21192833,8.340516667,High
-13.260805,8.384725,High
-13.26978667,8.481085,High
-13.27392833,8.43753,High
-13.26037167,8.393493333,High
-13.235615,8.37271,High
-13.25451167,8.400953333,High
-13.13608667,8.386331667,High
-13.24973833,8.449215,High
-13.19095333,8.461338333,High
-13.13709833,8.378545,High
-13.18987167,8.461945,High
-13.25075,8.455331667,High
-13.23231,8.362093333,High
-13.14405167,8.4033,High
-13.21400167,8.34189,High
-13.23565667,8.486928333,High
-13.28252833,8.426143333,High
-13.26279667,8.473318333,High
-13.26457,8.452513333,High
-13.11884167,8.397996667,High
-13.27957667,8.437396667,High
-13.25148333,8.453665,High
-13.18415167,8.457441667,High
-13.21763667,8.482415,High
-13.24509333,8.478705,High
-13.26150333,8.467498333,High
-13.14563833,8.40118,High
-13.19927333,8.427891667,High
-13.20846667,8.486565,High
-13.13254167,8.3792,High
-13.15184833,8.399273333,High
-13.148425,8.40055,High
-13.21529333,8.480851667,High
-13.20639167,8.472716667,High
-13.19024833,8.461453333,High
-13.24626,8.483655,High
-13.21108333,8.484543333,High
-13.26407333,8.396121667,High
-13.204725,8.339306667,High
-13.21090167,8.484693333,High
-13.25404,8.399885,High
-13.21136833,8.346156667,High
-13.25641,8.386555,High
-13.22179833,8.477608333,High
-13.20345833,8.338706667,High
-13.21447667,8.480316667,High
-13.27655,8.424153333,High
-13.23235833,8.364163333,High
-13.18669,8.464248333,High
-13.12583833,8.395661667,High
-13.25331667,8.44465,High
-13.23601667,8.362835,High
-13.27676667,8.436385,High
-13.125505,8.385628333,High
-13.25250333,8.387433333,High
-13.28908833,8.42322,High
-13.26277333,8.462645,High
-13.20027333,8.43054,High
-13.25876667,8.478823333,High
-13.17246667,8.433183333,High
-13.13454833,8.387926667,High
-13.14280167,8.412748333,High
-13.22745333,8.34679,High
-13.21639,8.445543333,High
-13.19239333,8.460211667,High
-13.2884,8.430666667,High
-13.26982167,8.4598,High
-13.19891667,8.429836667,High
-13.19896667,8.42941,High
-13.20556833,8.470083333,High
-13.21978333,8.345281667,High
-13.14697333,8.399378333,High
-13.24462667,8.469548333,High
-13.14829,8.374976667,High
-13.26402,8.394536667,High
-13.26485,8.39881,High
-13.2055,8.470288333,High
-13.20520333,8.473225,High
-13.17199667,8.433431667,High
-13.24803,8.47249,High
-13.258605,8.477985,High
-13.24570667,8.469808333,High
-13.26590333,8.401253333,High
-13.13779833,8.376615,High
-13.20552833,8.470175,High
-13.14249,8.407845,High
-13.22602667,8.442003333,High
-13.204235,8.424265,High
-13.26325,8.402576667,High
-13.20499833,8.472676667,High
-13.13764,8.380168333,High
-13.21137833,8.450271667,High
-13.12621333,8.38488,High
-13.26068667,8.385196667,High
-13.23447333,8.371881667,High
-13.20425667,8.339041667,High
-13.271605,8.434586667,High
-13.26334167,8.394743333,High
-13.26493,8.428083333,High
-13.289085,8.423188333,High
-13.20652833,8.471841667,High
-13.13368167,8.390088333,High
-13.13357667,8.389633333,High
-13.25429667,8.439501667,High
-13.20861333,8.448345,High
-13.260435,8.383613333,High
-13.22864,8.349963333,High
-13.27896833,8.426903333,High
-13.281645,8.42622,High
-13.27886833,8.443046667,High
-13.12772667,8.383448333,High
-13.21621333,8.343325,High
-13.12912167,8.391286667,High
-13.12865333,8.388941667,High
-13.2515,8.396541667,High
-13.26851833,8.483056667,High
-13.25763667,8.384658333,High
-13.20822833,8.471455,High
-13.12943833,8.382536667,High
-13.25678,8.442273333,High
-13.23263333,8.364128333,High
-13.12380167,8.396153333,High
-13.28741667,8.431815,High
-13.2602,8.383483333,High
-13.221235,8.477133333,High
-13.20624667,8.474308333,High
-13.132615,8.376103333,High
-13.21611167,8.344106667,High
-13.20512667,8.473135,High
-13.14498667,8.401865,High
-13.14321167,8.382733333,High
-13.23226333,8.362098333,High
-13.16085833,8.428096667,High
-13.25810167,8.390261667,High
-13.2643,8.42753,High
-13.21559,8.449538333,High
-13.14261333,8.407866667,High
-13.25348667,8.387976667,High
-13.221265,8.477138333,High
-13.22827167,8.370036667,High
-13.24063333,8.377323333,High
-13.21707667,8.481273333,High
-13.25989333,8.38714,High
-13.26585833,8.402353333,High
-13.146325,8.372558333,High
-13.25876333,8.39188,High
-13.28169167,8.42621,High
-13.12992,8.394635,High
-13.12371833,8.395863333,High
-13.26311667,8.46864,High
-13.28894167,8.42344,High
-13.227025,8.478823333,High
-13.25857167,8.478136667,High
-13.14485333,8.37107,High
-13.25010333,8.449681667,High
-13.14577833,8.400145,High
-13.251245,8.39632,High
-13.22864667,8.34994,High
-13.26056167,8.3837,High
-13.193615,8.342025,High
-13.216825,8.441145,High
-13.26582167,8.402345,High
-13.22094,8.477235,High
-13.24637,8.447351667,High
-13.25324667,8.474323333,High
-13.25148833,8.453645,High
-13.23967,8.376263333,High
-13.26638667,8.40208,High
-13.20762167,8.465413333,High
-13.20753333,8.471196667,High
-13.14448667,8.382,High
-13.20824167,8.448033333,High
-13.148325,8.377811667,High
-13.21475833,8.48122,High
-13.22071167,8.477678333,High
-13.13643167,8.374023333,High
-13.28835833,8.423056667,High
-13.18542167,8.464616667,High
-13.23057167,8.369176667,High
-13.13646667,8.373973333,High
-13.22794833,8.37098,High
-13.12898667,8.39158,High
-13.144835,8.370465,High
-13.20819667,8.47118,High
-13.25027833,8.449788333,High
-13.21816167,8.481621667,High
-13.22814667,8.370385,High
-13.259795,8.44431,High
-13.17965,8.33918,High
-13.132415,8.380316667,High
-13.21818333,8.481581667,High
-13.26167,8.394296667,High
-13.14486167,8.37116,High
-13.14431167,8.382091667,High
-13.20527833,8.33997,High
-13.28836667,8.430495,High
-13.18448667,8.464651667,High
-13.27921,8.446576667,High
-13.17313833,8.432868333,High
-13.25618833,8.386866667,High
-13.21926167,8.345195,High
-13.14756667,8.379568333,High
-13.21729,8.439138333,High
-13.25134667,8.452083333,High
-13.1934,8.46259,High
-13.20554,8.470148333,High
-13.21298,8.341223333,High
-13.23029167,8.477758333,High
-13.18995833,8.46181,High
-13.25985833,8.38728,High
-13.132515,8.380105,High
-13.217305,8.439096667,High
-13.25214333,8.387195,High
-13.26003667,8.383395,High
-13.27718833,8.42545,High
-13.13845,8.37987,High
-13.23453333,8.36148,High
-13.15999833,8.42542,High
-13.22182667,8.477866667,High
-13.14668167,8.372453333,High
-13.13395333,8.370965,High
-13.27108833,8.418573333,High
-13.25792333,8.384111667,High
-13.1326,8.374338333,High
-13.23133167,8.366663333,High
-13.12912,8.389858333,High
-13.25688833,8.385825,High
-13.22179833,8.47798,High
-13.22817,8.370248333,High
-13.27753,8.435843333,High
-13.25524333,8.402568333,High
-13.25946833,8.38306,High
-13.23024833,8.347501667,High
-13.148355,8.375098333,High
-13.23053167,8.347133333,High
-13.24409,8.47873,High
-13.27744333,8.436006667,High
-13.20872,8.340365,High
-13.14864167,8.377285,High
-13.25877,8.459941667,High
-13.20859,8.468365,High
-13.14067833,8.371723333,High
-13.25137333,8.452111667,High
-13.246295,8.447558333,High
-13.26004,8.38681,High
-13.25226833,8.3979,High
-13.211485,8.346096667,High
-13.19679833,8.339225,High
-13.23922333,8.483305,High
-13.184685,8.464608333,High
-13.13465333,8.370163333,High
-13.258435,8.477248333,High
-13.205045,8.41992,High
-13.21753,8.482655,High
-13.26142333,8.405993333,High
-13.14452667,8.402178333,High
-13.20354,8.33873,High
-13.132585,8.378241667,High
-13.14546167,8.401331667,High
-13.17377333,8.432595,High
-13.13977167,8.373585,High
-13.131205,8.394291667,High
-13.20560667,8.470005,High
-13.25243333,8.398301667,High
-13.15529333,8.445481667,High
-13.13263,8.373988333,High
-13.21677667,8.481358333,High
-13.22270667,8.34603,High
-13.288335,8.430313333,High
-13.18961167,8.462256667,High
-13.12730333,8.383245,High
-13.27975333,8.4267,High
-13.215275,8.479601667,High
-13.18804667,8.344881667,High
-13.217845,8.437533333,High
-13.28712333,8.43191,High
-13.19245667,8.460151667,High
-13.21248667,8.340868333,High
-13.124485,8.396011667,High
-13.14518833,8.401655,High
-13.13455667,8.38791,High
-13.25094333,8.451033333,High
-13.25415833,8.448171667,High
-13.27445167,8.436593333,High
-13.25979333,8.388166667,High
-13.21477,8.481246667,High
-13.26161167,8.405238333,High
-13.268835,8.457215,High
-13.19973167,8.337726667,High
-13.20060833,8.33782,High
-13.23876833,8.375486667,High
-13.17303833,8.43293,High
-13.25573167,8.449626667,High
-13.28823333,8.429813333,High
-13.26572667,8.400256667,High
-13.135125,8.375675,High
-13.216945,8.483685,High
-13.14443,8.402316667,High
-13.21137167,8.478583333,High
-13.27922333,8.446783333,High
-13.21152167,8.450236667,High
-13.22095667,8.478015,High
-13.26563333,8.402298333,High
-13.248265,8.473181667,High
-13.23090333,8.36899,High
-13.26185333,8.394183333,High
-13.12402667,8.388238333,High
-13.13364167,8.371443333,High
-13.248265,8.384711667,High
-13.23138667,8.369203333,High
-13.13913,8.374335,High
-13.13484833,8.38721,High
-13.264745,8.398543333,High
-13.2714,8.441926667,High
-13.2644,8.427643333,High
-13.26379,8.454051667,High
-13.12802,8.382606667,High
-13.18384167,8.465418333,High
-13.20556,8.470748333,High
-13.14065833,8.371826667,High
-13.22871,8.345426667,High
-13.23961333,8.376213333,High
-13.25077,8.450328333,High
-13.21331333,8.341438333,High
-13.28857,8.423861667,High
-13.208335,8.462645,High
-13.124035,8.388218333,High
-13.22562333,8.34796,High
-13.26326,8.465506667,High
-13.18260667,8.334831667,High
-13.14870167,8.376716667,High
-13.23603167,8.362911667,High
-13.27930667,8.448431667,High
-13.236045,8.362953333,High
-13.14454333,8.369913333,High
-13.13638,8.37289,High
-13.27005167,8.459356667,High
-13.20522833,8.421858333,High
-13.19256333,8.45995,High
-13.21595833,8.344306667,High
-13.26625,8.429063333,High
-13.18111833,8.334786667,High
-13.12238667,8.388173333,High
-13.25061833,8.450075,High
-13.25211167,8.47384,High
-13.236895,8.449883333,High
-13.26116833,8.394686667,High
-13.19668,8.339343333,High
-13.127485,8.392513333,High
-13.25768833,8.384541667,High
-13.17239667,8.433215,High
-13.21402833,8.480028333,High
-13.25277833,8.444976667,High
-13.133665,8.371526667,High
-13.26049,8.385938333,High
-13.27643167,8.423973333,High
-13.25575333,8.387556667,High
-13.227895,8.477328333,High
-13.20061833,8.427031667,High
-13.25002333,8.449576667,High
-13.12355833,8.394475,High
-13.26075667,8.461955,High
-13.23600667,8.362563333,High
-13.13463333,8.392086667,High
-13.21612833,8.481516667,High
-13.13764667,8.376753333,High
-13.223155,8.346325,High
-13.1354,8.386396667,High
-13.27180833,8.478535,High
-13.2008,8.430808333,High
-13.26121833,8.445053333,High
-13.132615,8.37506,High
-13.186005,8.464386667,High
-13.126895,8.392968333,High
-13.14597667,8.400926667,High
-13.20641667,8.340533333,High
-13.221175,8.478313333,High
-13.205425,8.473651667,High
-13.208175,8.476401667,High
-13.23545167,8.4871,High
-13.13273167,8.393843333,High
-13.26135167,8.447246667,High
-13.15176,8.413328333,High
-13.21623,8.448253333,High
-13.25453833,8.38817,High
-13.13258333,8.374618333,High
-13.27099,8.438308333,High
-13.27200833,8.462163333,High
-13.13483667,8.392551667,High
-13.26087833,8.384443333,High
-13.25303167,8.398775,High
-13.14081,8.371313333,High
-13.20264667,8.33845,High
-13.25873833,8.459886667,High
-13.22073667,8.477718333,High
-13.26753667,8.465065,High
-13.14864833,8.377226667,High
-13.22563333,8.481698333,High
-13.268675,8.456945,High
-13.20502333,8.420063333,High
-13.20271667,8.426236667,High
-13.2581,8.38389,High
-13.26068,8.383776667,High
-13.21356167,8.34522,High
-13.13262667,8.375476667,High
-13.14619667,8.372556667,High
-13.287965,8.426183333,High
-13.13375167,8.390308333,High
-13.143335,8.412423333,High
-13.206285,8.47296,High
-13.25445333,8.388151667,High
-13.26114167,8.394701667,High
-13.20665833,8.471268333,High
-13.22777,8.478238333,High
-13.13262,8.375196667,High
-13.13551667,8.37104,High
-13.20617833,8.46914,High
-13.19206833,8.462541667,High
-13.26769833,8.464608333,High
-13.122755,8.388055,High
-13.1355,8.375141667,High
-13.14617667,8.400801667,High
-13.189305,8.462641667,High
-13.22686,8.347606667,High
-13.21637667,8.44588,High
-13.26369833,8.42702,High
-13.225835,8.481196667,High
-13.26896333,8.457283333,High
-13.15898667,8.395968333,High
-13.268645,8.456855,High
-13.24096667,8.481646667,High
-13.13759,8.376796667,High
-13.26607833,8.401586667,High
-13.14861667,8.376145,High
-13.265895,8.40121,High
-13.25547,8.475261667,High
-13.27728833,8.425736667,High
-13.26374833,8.469085,High
-13.27428333,8.436908333,High
-13.21524167,8.480568333,High
-13.28673,8.42373,High
-13.25156667,8.453425,High
-13.25959167,8.461836667,High
-13.13363333,8.371726667,High
-13.25681667,8.402798333,High
-13.2685,8.433795,High
-13.26173667,8.394256667,High
-13.14242833,8.413016667,High
-13.13258,8.377093333,High
-13.25185833,8.453031667,High
-13.26599833,8.46946,High
-13.12296833,8.38816,High
-13.13646167,8.38632,High
-13.23870333,8.375431667,High
-13.28039833,8.426543333,High
-13.208155,8.4633,High
-13.22795,8.477228333,High
-13.139815,8.373523333,High
-13.24806833,8.472568333,High
-13.25941,8.461763333,High
-13.24631833,8.482046667,High
-13.13262667,8.374056667,High
-13.25702167,8.385615,High
-13.24758333,8.44827,High
-13.277655,8.42729,High
-13.20521,8.422463333,High
-13.13088167,8.38154,High
-13.21614667,8.48151,High
-13.12880333,8.389468333,High
-13.20371833,8.445735,High
-13.246915,8.383866667,High
-13.28831667,8.430226667,High
-13.245955,8.470086667,High
-13.18007667,8.453071667,High
-13.25634833,8.403336667,High
-13.271515,8.437485,High
-13.13767667,8.378925,High
-13.21134333,8.346176667,High
-13.12893333,8.389633333,High
-13.154405,8.387018333,High
-13.23790333,8.374733333,High
-13.2684,8.432483333,High
-13.25836167,8.456108333,High
-13.13053167,8.394463333,High
-13.146675,8.380663333,High
-13.26340667,8.394861667,High
-13.18068167,8.452358333,High
-13.22831667,8.345721667,High
-13.22888667,8.349606667,High
-13.257965,8.384051667,High
-13.126205,8.384903333,High
-13.28867167,8.423725,High
-13.14745333,8.379835,High
-13.2406,8.37727,High
-13.20655,8.47175,High
-13.21774833,8.482158333,High
-13.13328333,8.373371667,High
-13.138035,8.376408333,High
-13.25072667,8.454983333,High
-13.13297167,8.393796667,High
-13.20832667,8.469116667,High
-13.12932667,8.390275,High
-13.13465333,8.387683333,High
-13.23063833,8.369135,High
-13.14696167,8.380463333,High
-13.21155667,8.479155,High
-13.257005,8.443223333,High
-13.27911833,8.445661667,High
-13.25995333,8.447246667,High
-13.18801,8.344925,High
-13.123675,8.395018333,High
-13.20732333,8.470868333,High
-13.17195667,8.433503333,High
-13.25338,8.474375,High
-13.25002833,8.449586667,High
-13.27985,8.436733333,High
-13.26969333,8.490555,High
-13.12808333,8.382536667,High
-13.181135,8.455371667,High
-13.264265,8.395866667,High
-13.205595,8.474018333,High
-13.136605,8.378485,High
-13.17523,8.434176667,High
-13.20126333,8.439495,High
-13.25215833,8.452673333,High
-13.26489167,8.470351667,High
-13.23321167,8.362016667,High
-13.27389167,8.437596667,High
-13.20929667,8.47571,High
-13.27406833,8.437255,High
-13.217725,8.438206667,High
-13.160185,8.426193333,High
-13.221255,8.478763333,High
-13.27106,8.438163333,High
-13.13383167,8.393568333,High
-13.250505,8.449901667,High
-13.25145667,8.452186667,High
-13.249505,8.448963333,High
-13.14516167,8.401686667,High
-13.12401833,8.388258333,High
-13.26123,8.394645,High
-13.23596167,8.362025,High
-13.21788833,8.437341667,High
-13.21639833,8.445396667,High
-13.27417333,8.436333333,High
-13.12600167,8.395628333,High
-13.24938,8.385415,High
-13.28782333,8.426821667,High
-13.24019833,8.376755,High
-13.26467167,8.402258333,High
-13.19954667,8.33774,High
-13.28825167,8.429895,High
-13.25997167,8.383358333,High
-13.13124,8.39428,High
-13.26985833,8.457545,High
-13.13147333,8.381291667,High
-13.12363333,8.394528333,High
-13.25521167,8.388356667,High
-13.26314,8.402795,High
-13.20813667,8.463358333,High
-13.12673,8.393045,High
-13.22224,8.479973333,High
-13.24718333,8.447968333,High
-13.13561167,8.375028333,High
-13.131805,8.39414,High
-13.18414,8.457333333,High
-13.256555,8.401866667,High
-13.20631667,8.475498333,High
-13.14333167,8.370201667,High
-13.21476833,8.444896667,High
-13.18069667,8.340551667,High
-13.132625,8.375398333,High
-13.13658167,8.378441667,High
-13.26675167,8.429303333,High
-13.27108833,8.438083333,High
-13.26174333,8.473171667,High
-13.25848333,8.476086667,High
-13.13140667,8.394235,High
-13.13941333,8.373956667,High
-13.23852,8.37527,High
-13.23450667,8.371918333,High
-13.229285,8.349043333,High
-13.208185,8.471143333,High
-13.25949167,8.392585,High
-13.23388333,8.371346667,High
-13.13776,8.377418333,High
-13.273715,8.420685,High
-13.20004833,8.337711667,High
-13.23114,8.36884,High
-13.23066,8.346953333,High
-13.20078,8.430801667,High
-13.27143167,8.437446667,High
-13.264885,8.428055,High
-13.22014833,8.345341667,High
-13.206755,8.46811,High
-13.133465,8.372721667,High
-13.19372167,8.462395,High
-13.19066667,8.461645,High
-13.25332,8.39907,High
-13.21811667,8.481486667,High
-13.199755,8.428788333,High
-13.24452,8.478716667,High
-13.25835,8.459075,High
-13.210385,8.475953333,High
-13.180665,8.452471667,High
-13.13024667,8.382183333,High
-13.214825,8.481323333,High
-13.21726333,8.439581667,High
-13.20641833,8.472533333,High
-13.19230667,8.462596667,High
-13.25664667,8.403021667,High
-13.18679167,8.464181667,High
-13.13126,8.38137,High
-13.22950667,8.348655,High
-13.26389167,8.452165,High
-13.28669667,8.431976667,High
-13.15241333,8.38693,High
-13.25439167,8.474815,High
-13.27630833,8.423801667,High
-13.21631167,8.343716667,High
-13.278045,8.43429,High
-13.25094,8.450885,High
-13.25638667,8.475061667,High
-13.23224667,8.364151667,High
-13.21493667,8.44979,High
-13.22602,8.441898333,High
-13.25823833,8.390145,High
-13.139845,8.37349,High
-13.14397667,8.369896667,High
-13.26565833,8.470535,High
-13.22908667,8.35039,High
-13.20621,8.475075,High
-13.25759167,8.3847,High
-13.19968333,8.42842,High
-13.225285,8.47859,High
-13.25081667,8.450455,High
-13.25188833,8.452495,High
-13.2557,8.449646667,High
-13.185795,8.344006667,High
-13.134155,8.391245,High
-13.1293,8.390156667,High
-13.27016333,8.434461667,High
-13.28745333,8.431778333,High
-13.23328667,8.364006667,High
-13.25622333,8.401185,High
-13.12366833,8.388316667,High
-13.23202833,8.369881667,High
-13.21388167,8.34181,High
-13.13434,8.39166,High
-13.216805,8.48136,High
-13.206715,8.471178333,High
-13.13998667,8.373283333,High
-13.23025667,8.477806667,High
-13.208145,8.47036,High
-13.25560167,8.387763333,High
-13.18736833,8.46374,High
-13.25623333,8.386791667,High
-13.263735,8.402345,High
-13.2577,8.384506667,High
-13.2604,8.477508333,High
-13.12503,8.395868333,High
-13.25900667,8.40327,High
-13.211275,8.346223333,High
-13.14490167,8.401915,High
-13.14853,8.375576667,High
-13.20831667,8.46903,High
-13.24015667,8.37671,High
-13.13641167,8.37304,High
-13.20813,8.470226667,High
-13.27717667,8.431956667,High
-13.25116333,8.396231667,High
-13.20136,8.435013333,High
-13.27069333,8.418253333,High
-13.25919833,8.392301667,High
-13.25282,8.456803333,High
-13.28753333,8.431706667,High
-13.287815,8.423381667,High
-13.18274167,8.334836667,High
-13.26115667,8.444825,High
-13.22989,8.478071667,High
-13.21679833,8.441336667,High
-13.133595,8.371976667,High
-13.27827,8.450908333,High
-13.17257167,8.433126667,High
-13.20581667,8.473503333,High
-13.28804,8.428585,High
-13.26860167,8.456506667,High
-13.26437833,8.397385,High
-13.18036,8.454646667,High
-13.27023667,8.458975,High
-13.1267,8.395503333,High
-13.25984833,8.387353333,High
-13.14512833,8.38166,High
-13.26478833,8.395361667,High
-13.19445333,8.46285,High
-13.191195,8.46157,High
-13.18743333,8.345075,High
-13.236175,8.479756667,High
-13.20778,8.464591667,High
-13.18038833,8.454661667,High
-13.24674333,8.447768333,High
-13.14820333,8.37482,High
-13.155165,8.445456667,High
-13.25980667,8.388198333,High
-13.19988,8.4269,High
-13.26250667,8.393925,High
-13.26380667,8.396398333,High
-13.208125,8.463388333,High
-13.18948167,8.462401667,High
-13.23546,8.487083333,High
-13.14372667,8.382433333,High
-13.28919167,8.42307,High
-13.18018667,8.452796667,High
-13.23576833,8.487273333,High
-13.2128,8.480718333,High
-13.25902667,8.479023333,High
-13.25813833,8.383853333,High
-13.25590167,8.449521667,High
-13.25158833,8.47154,High
-13.20119833,8.43522,High
-13.20446167,8.339141667,High
-13.28774333,8.423418333,High
-13.183925,8.459891667,High
-13.14999833,8.412485,High
-13.14467333,8.369978333,High
-13.25624167,8.441468333,High
-13.22827667,8.37002,High
-13.192955,8.459383333,High
-13.25842667,8.458195,High
-13.25521167,8.402346667,High
-13.18550833,8.343798333,High
-13.23554333,8.448933333,High
-13.22925667,8.349075,High
-13.20926167,8.449231667,High
-13.20534,8.42317,High
-13.20634667,8.47321,High
-13.1324,8.380355,High
-13.20521833,8.339938333,High
-13.20823,8.471488333,High
-13.175375,8.434335,High
-13.20380833,8.42461,High
-13.25183833,8.453076667,High
-13.20613,8.469228333,High
-13.216175,8.448846667,High
-13.22430167,8.347068333,High
-13.216805,8.434228333,High
-13.26179167,8.467026667,High
-13.25214667,8.452748333,High
-13.19890333,8.429806667,High
-13.21068,8.476451667,High
-13.26424167,8.39449,High
-13.27779,8.433708333,High
-13.19369,8.341971667,High
-13.25499,8.388391667,High
-13.22872167,8.369705,High
-13.18127833,8.455593333,High
-13.257525,8.402393333,High
-13.21569833,8.44275,High
-13.23623833,8.481476667,High
-13.24900333,8.447173333,High
-13.11879333,8.397953333,High
-13.26421333,8.402383333,High
-13.21304333,8.341265,High
-13.13773167,8.376693333,High
-13.26026667,8.38352,High
-13.27880167,8.449775,High
-13.25719167,8.443595,High
-13.20758167,8.340586667,High
-13.12369333,8.388325,High
-13.27059,8.439103333,High
-13.26416333,8.395993333,High
-13.21230167,8.3457,High
-13.13523833,8.369755,High
-13.21786833,8.437436667,High
-13.19451333,8.463523333,High
-13.24775,8.447263333,High
-13.13707667,8.378551667,High
-13.181375,8.455696667,High
-13.22926,8.3506,High
-13.22040333,8.345383333,High
-13.23488,8.361246667,High
-13.28095333,8.426396667,High
-13.12471333,8.39596,High
-13.22783,8.371455,High
-13.14805333,8.398916667,High
-13.14479,8.370365,High
-13.14507333,8.401785,High
-13.26151833,8.467556667,High
-13.26121667,8.408148333,High
-13.13584333,8.386346667,High
-13.260335,8.460601667,High
-13.20640833,8.473516667,High
-13.145935,8.400955,High
-13.17960833,8.33913,High
-13.22248333,8.484943333,High
-13.26016333,8.386606667,High
-13.24144667,8.379203333,High
-13.28293833,8.426041667,High
-13.143715,8.384418333,High
-13.25168667,8.4533,High
-13.14081833,8.371245,High
-13.135335,8.376103333,High
-13.26581167,8.400546667,High
-13.22267167,8.480528333,High
-13.12370167,8.394646667,High
-13.22357167,8.484741667,High
-13.20815,8.470553333,High
-13.25992333,8.461803333,High
-13.221275,8.478915,High
-13.266045,8.469321667,High
-13.239845,8.486176667,High
-13.18526833,8.343626667,High
-13.20776833,8.464701667,High
-13.21092833,8.484676667,High
-13.235375,8.372495,High
-13.13425333,8.391541667,High
-13.23162667,8.360993333,High
-13.26203,8.46669,High
-13.287165,8.431903333,High
-13.20831167,8.462878333,High
-13.26022333,8.404338333,High
-13.20694667,8.467615,High
-13.13264,8.373923333,High
-13.22806167,8.47812,High
-13.20855333,8.468378333,High
-13.24987167,8.456486667,High
-13.25511167,8.47515,High
-13.21619,8.44758,High
-13.23777167,8.37461,High
-13.20807,8.463653333,High
-13.150775,8.401375,High
-13.22669833,8.347786667,High
-13.26056833,8.385698333,High
-13.21310833,8.345376667,High
-13.268735,8.433908333,High
-13.13029667,8.394526667,High
-13.26413333,8.45486,High
-13.25252167,8.398383333,High
-13.27194,8.462003333,High
-13.25835333,8.459143333,High
-13.28340167,8.425893333,High
-13.214235,8.485281667,High
-13.25076167,8.454706667,High
-13.26161,8.46783,High
-13.20180333,8.433825,High
-13.26662833,8.455615,High
-13.21644667,8.481386667,High
-13.12695833,8.39544,High
-13.28681167,8.43194,High
-13.20441,8.339118333,High
-13.13715167,8.378523333,High
-13.25066833,8.45678,High
-13.26831833,8.431426667,High
-13.18389667,8.465261667,High
-13.22381,8.430651667,High
-13.21529333,8.449693333,High
-13.26014,8.478771667,High
-13.25898,8.447675,High
-13.27863,8.450233333,High
-13.20534667,8.340005,High
-13.12568,8.385506667,High
-13.14222167,8.409191667,High
-13.25400667,8.399853333,High
-13.25253833,8.474075,High
-13.18084667,8.45508,High
-13.14256833,8.40785,High
-13.12326333,8.39433,High
-13.26429167,8.412691667,High
-13.14355667,8.412283333,High
-13.20585333,8.469791667,High
-13.228775,8.350083333,High
-13.20242,8.427701667,High
-13.26347333,8.464776667,High
-13.25339,8.387943333,High
-13.23684,8.488446667,High
-13.25943833,8.461216667,High
-13.26345,8.402258333,High
-13.13613667,8.377635,High
-13.25646167,8.403311667,High
-13.21490833,8.344915,High
-13.263265,8.40255,High
-13.23213667,8.36426,High
-13.23744,8.48799,High
-13.24433333,8.478721667,High
-13.17235833,8.433233333,High
-13.25714833,8.385423333,High
-13.136175,8.377696667,High
-13.125595,8.385588333,High
-13.270595,8.418175,High
-13.21423667,8.48,High
-13.18064,8.452535,High
-13.128685,8.388623333,High
-13.27898167,8.444063333,High
-13.14797,8.374073333,High
-13.28758833,8.423526667,High
-13.21328167,8.345288333,High
-13.26177167,8.40489,High
-13.13450333,8.393153333,High
-13.23563833,8.363236667,High
-13.27772,8.427226667,High
-13.27218333,8.442158333,High
-13.13638667,8.374075,High
-13.23589333,8.363113333,High
-13.23600667,8.362391667,High
-13.249475,8.448943333,High
-13.25306333,8.398808333,High
-13.13789667,8.377718333,High
-13.26399667,8.452193333,High
-13.250605,8.45586,High
-13.25422167,8.448298333,High
-13.263825,8.469165,High
-13.23950167,8.376121667,High
-13.214945,8.48143,High
-13.12366667,8.39556,High
-13.12815833,8.382476667,High
-13.18180167,8.3348,High
-13.264295,8.402376667,High
-13.25333667,8.399088333,High
-13.13415667,8.39117,High
-13.14848333,8.377558333,High
-13.19164833,8.462246667,High
-13.11793833,8.397168333,High
-13.21619667,8.343941667,High
-13.258625,8.383053333,High
-13.26203833,8.451763333,High
-13.28202167,8.426195,High
-13.25404167,8.439245,High
-13.21538833,8.344703333,High
-13.27869333,8.442068333,High
-13.13771,8.376711667,High
-13.25072833,8.455406667,High
-13.23986333,8.451693333,High
-13.21518833,8.445195,High
-13.25505333,8.475128333,High
-13.228225,8.345833333,High
-13.20716333,8.340658333,High
-13.23411167,8.488205,High
-13.21393833,8.341848333,High
-13.21405167,8.485736667,High
-13.21431,8.48507,High
-13.13474667,8.387405,High
-13.27788833,8.433936667,High
-13.24493333,8.382621667,High
-13.26101667,8.383931667,High
-13.22516833,8.482883333,High
-13.12289833,8.394136667,High
-13.21659167,8.48897,High
-13.21472667,8.481125,High
-13.23529667,8.44876,High
-13.25064833,8.446188333,High
-13.27976,8.437018333,High
-13.22240167,8.48018,High
-13.16981667,8.43546,High
-13.24303167,8.38092,High
-13.21445833,8.34501,High
-13.23026,8.35364,High
-13.258585,8.47862,High
-13.13819667,8.376203333,High
-13.28757167,8.431696667,High
-13.28738833,8.423585,High
-13.23939,8.483108333,High
-13.26472833,8.398708333,High
-13.257375,8.444146667,High
-13.19511833,8.340863333,High
-13.146875,8.380521667,High
-13.25047833,8.456081667,High
-13.253845,8.399648333,High
-13.13722333,8.379638333,High
-13.12458167,8.39336,High
-13.23358,8.363941667,High
-13.20779833,8.340548333,High
-13.26843,8.433325,High
-13.27126833,8.437695,High
-13.23815,8.374956667,High
-13.20630667,8.474076667,High
-13.215405,8.342801667,High
-13.20075667,8.430793333,High
-13.14573833,8.3812,High
-13.13156167,8.381253333,High
-13.20801,8.464025,High
-13.24837833,8.473673333,High
-13.12169667,8.394253333,High
-13.23315667,8.370718333,High
-13.13489167,8.387165,High
-13.27299667,8.447133333,High
-13.25813667,8.39023,High
-13.12560333,8.395716667,High
-13.27588,8.423226667,High
-13.264895,8.455351667,High
-13.143365,8.411276667,High
-13.26469,8.398671667,High
-13.21913667,8.345171667,High
-13.21956167,8.345243333,High
-13.25541167,8.449683333,High
-13.21141667,8.346125,High
-13.21075167,8.450128333,High
-13.27822167,8.450988333,High
-13.14843667,8.377645,High
-13.13038167,8.38206,High
-13.231275,8.369071667,High
-13.147615,8.379325,High
-13.19132667,8.46161,High
-13.14673,8.380616667,High
-13.14414667,8.412343333,High
-13.151865,8.401721667,High
-13.20388167,8.445876667,High
-13.27301833,8.446791667,High
-13.26571167,8.402321667,High
-13.13515667,8.386581667,High
-13.26001,8.386875,High
-13.25141333,8.453988333,High
-13.28896667,8.423415,High
-13.20948833,8.449425,High
-13.24628167,8.447491667,High
-13.27077667,8.479828333,High
-13.264905,8.402196667,High
-13.20790667,8.340526667,High
-13.132355,8.380483333,High
-13.12367,8.395595,High
-13.26092,8.394425,High
-13.13246667,8.380213333,High
-13.27109167,8.434545,High
-13.24974167,8.449225,High
-13.258335,8.390053333,High
-13.28871,8.42292,High
-13.256105,8.401776667,High
-13.26164667,8.405165,High
-13.21713,8.343938333,High
-13.207295,8.470846667,High
-13.133635,8.371375,High
-13.21269333,8.345508333,High
-13.14736333,8.412833333,High
-13.25613,8.403286667,High
-13.175105,8.43387,High
-13.255975,8.387235,High
-13.26137333,8.47847,High
-13.19311167,8.45924,High
-13.25873833,8.382885,High
-13.25983333,8.38743,High
-13.214705,8.344996667,High
-13.207565,8.465911667,High
-13.21570333,8.481235,High
-13.26161167,8.394333333,High
-13.27502,8.4368,High
-13.23199833,8.36212,High
-13.13611667,8.377601667,High
-13.23987667,8.486153333,High
-13.22090833,8.477258333,High
-13.19161333,8.462163333,High
-13.14472167,8.370141667,High
-13.127985,8.382636667,High
-13.214065,8.341933333,High
-13.261845,8.473331667,High
-13.28695667,8.431945,High
-13.25481167,8.440308333,High
-13.12616333,8.395593333,High
-13.212025,8.480721667,High
-13.25714333,8.474763333,High
-13.23005,8.347845,High
-13.14374167,8.412163333,High
-13.20522,8.42218,High
-13.13810667,8.376308333,High
-13.23011833,8.347751667,High
-13.12874833,8.382771667,High
-13.25819833,8.391331667,High
-13.20587,8.473385,High
-13.16274,8.398888333,High
-13.13702833,8.379251667,High
-13.14268167,8.410221667,High
-13.2779,8.435303333,High
-13.26348167,8.394991667,High
-13.19108167,8.46124,High
-13.24746,8.471731667,High
-13.28889,8.423481667,High
-13.25553667,8.387861667,High
-13.205645,8.473855,High
-13.27932167,8.448265,High
-13.258625,8.478666667,High
-13.26616667,8.40226,High
-13.20814167,8.470331667,High
-13.24614833,8.383388333,High
-13.20849833,8.468383333,High
-13.24983,8.45649,High
-13.25068833,8.446168333,High
-13.22886667,8.349648333,High
-13.20003833,8.42669,High
-13.26219333,8.393975,High
-13.26565,8.428715,High
-13.19135667,8.461625,High
-13.25059,8.471478333,High
-13.250765,8.446125,High
-13.14301167,8.412651667,High
-13.25157833,8.453411667,High
-13.28155167,8.426243333,High
-13.211575,8.340323333,High
-13.24524333,8.469371667,High
-13.14417833,8.382148333,High
-13.26839833,8.432423333,High
-13.22881167,8.349743333,High
-13.1437,8.382446667,High
-13.14264833,8.407873333,High
-13.261305,8.478611667,High
-13.214845,8.481351667,High
-13.12344333,8.394415,High
-13.14032833,8.372841667,High
-13.124365,8.39343,High
-13.13356833,8.37204,High
-13.23946833,8.483018333,High
-13.21105333,8.484576667,High
-13.28214167,8.426186667,High
-13.27718167,8.431705,High
-13.233825,8.371298333,High
-13.14848667,8.3753,High
-13.13262333,8.37526,High
-13.137245,8.378463333,High
-13.13214167,8.38106,High
-13.207755,8.464818333,High
-13.250585,8.455928333,High
-13.13441167,8.391738333,High
-13.20569,8.47375,High
-13.209605,8.449526667,High
-13.13047333,8.381955,High
-13.123365,8.39437,High
-13.19015833,8.461483333,High
-13.250045,8.456288333,High
-13.14746833,8.399128333,High
-13.259855,8.388553333,High
-13.200445,8.430665,High
-13.172535,8.433145,High
-13.17932333,8.453751667,High
-13.21531833,8.47948,High
-13.28827,8.43173,High
-13.16947167,8.43482,High
-13.25832333,8.403043333,High
-13.15136167,8.413126667,High
-13.26453,8.452348333,High
-13.28872167,8.42368,High
-13.25427667,8.400106667,High
-13.26526833,8.399351667,High
-13.26684,8.484516667,High
-13.230125,8.352826667,High
-13.25457333,8.43986,High
-13.27525167,8.436911667,High
-13.26837667,8.431665,High
-13.12783,8.392361667,High
-13.21622,8.44726,High
-13.259765,8.387773333,High
-13.17496833,8.433571667,High
-13.14802833,8.374326667,High
-13.13752,8.380195,High
-13.20723167,8.470825,High
-13.17183,8.433793333,High
-13.22875167,8.349828333,High
-13.12805333,8.392263333,High
-13.24988833,8.45648,High
-13.24633667,8.481588333,High
-13.22378,8.430703333,High
-13.12159333,8.394288333,High
-13.20908667,8.486023333,High
-13.144715,8.37005,High
-13.18125167,8.455561667,High
-13.13150667,8.381276667,High
-13.25162667,8.386863333,High
-13.27901667,8.438531667,High
-13.12721667,8.383935,High
-13.26332667,8.465368333,High
-13.26403333,8.396171667,High
-13.12896333,8.39491,High
-13.13165333,8.394176667,High
-13.137305,8.378263333,High
-13.188575,8.46326,High
-13.19886167,8.337925,High
-13.20630833,8.472931667,High
-13.19898167,8.429386667,High
-13.13797833,8.378015,High
-13.23831333,8.484268333,High
-13.26316667,8.465696667,High
-13.18101333,8.45521,High
-13.21763333,8.434663333,High
-13.28995833,8.423263333,High
-13.28397167,8.425605,High
-13.23756833,8.374431667,High
-13.13740167,8.378468333,High
-13.19994333,8.426801667,High
-13.25523167,8.40297,High
-13.13987333,8.373455,High
-13.22817667,8.345888333,High
-13.21535333,8.481006667,High
-13.1517,8.413295,High
-13.14292167,8.412693333,High
-13.23571333,8.486483333,High
-13.25986167,8.461813333,High
-13.20357833,8.445581667,High
-13.14473833,8.370196667,High
-13.261255,8.47862,High
-13.26569667,8.40015,High
-13.237395,8.483171667,High
-13.24957833,8.449016667,High
-13.13723333,8.377693333,High
-13.21300667,8.48058,High
-13.25699667,8.443098333,High
-13.217625,8.438351667,High
-13.186305,8.464285,High
-13.22647667,8.348061667,High
-13.134645,8.387706667,High
-13.20721667,8.466651667,High
-13.13333167,8.373318333,High
-13.287905,8.43169,High
-13.217685,8.481086667,High
-13.28819667,8.431718333,High
-13.225325,8.478643333,High
-13.27132833,8.437548333,High
-13.22858333,8.478045,High
-13.20639667,8.472683333,High
-13.14836,8.37775,High
-13.26191667,8.460858333,High
-13.261185,8.451603333,High
-13.23217333,8.364145,High
-13.22761167,8.346563333,High
-13.20820333,8.471211667,High
-13.25726333,8.402178333,High
-13.20370667,8.424746667,High
-13.13662333,8.378533333,High
-13.24699167,8.383913333,High
-13.16979333,8.435245,High
-13.27210833,8.442136667,High
-13.27183333,8.442058333,High
-13.11743833,8.396235,High
-13.19287,8.459498333,High
-13.15435667,8.386935,High
-13.15715667,8.445601667,High
-13.134855,8.36991,High
-13.25842667,8.457403333,High
-13.22169,8.478251667,High
-13.21734333,8.481086667,High
-13.24781167,8.448593333,High
-13.278065,8.435035,High
-13.21623,8.448043333,High
-13.24154167,8.379341667,High
-13.20639,8.473605,High
-13.26044,8.386093333,High
-13.20456833,8.424356667,High
-13.20697833,8.340675,High
-13.262885,8.463211667,High
-13.15036333,8.412663333,High
-13.14417833,8.384791667,High
-13.13184667,8.394125,High
-13.25015833,8.449718333,High
-13.278655,8.441865,High
-13.21759833,8.438398333,High
-13.26266,8.403745,High
-13.28851333,8.431311667,High
-13.14247,8.409848333,High
-13.22231,8.480031667,High
-13.20380833,8.338873333,High
-13.24016833,8.485971667,High
-13.1258,8.385335,High
-13.25064,8.450108333,High
-13.21725167,8.439245,High
-13.18307,8.456225,High
-13.25709833,8.385476667,High
-13.21517167,8.442715,High
-13.260995,8.383985,High
-13.1431,8.410863333,High
-13.252805,8.474161667,High
-13.21595,8.481691667,High
-13.28804167,8.423235,High
-13.13727167,8.378453333,High
-13.13858333,8.375613333,High
-13.217535,8.480976667,High
-13.13734167,8.379873333,High
-13.20693333,8.467653333,High
-13.26441667,8.394711667,High
-13.262185,8.468236667,High
-13.288435,8.431763333,High
-13.263415,8.465135,High
-13.2664,8.40205,High
-13.20820833,8.471235,High
-13.13734833,8.378363333,High
-13.26538,8.39953,High
-13.26099833,8.383923333,High
-13.150215,8.40124,High
-13.25857,8.444265,High
-13.25243167,8.387385,High
-13.21220167,8.481048333,High
-13.25936833,8.44744,High
-13.25053833,8.456011667,High
-13.26438667,8.452306667,High
-13.128655,8.388986667,High
-13.25582667,8.475266667,High
-13.23227667,8.370071667,High
-13.21499167,8.481458333,High
-13.271445,8.441945,High
-13.226035,8.348245,High
-13.26036667,8.40443,High
-13.20000667,8.426718333,High
-13.20752667,8.465971667,High
-13.26292833,8.410518333,High
-13.2562,8.40175,High
-13.27911667,8.426866667,High
-13.247615,8.44723,High
-13.20010667,8.337713333,High
-13.27719333,8.431616667,High
-13.137425,8.379088333,High
-13.2056,8.471463333,High
-13.25622,8.44932,High
-13.25171833,8.396758333,High
-13.14824,8.400513333,High
-13.20681833,8.471021667,High
-13.23592,8.361745,High
-13.259375,8.461723333,High
-13.198385,8.338161667,High
-13.23564333,8.486951667,High
-13.28846667,8.431058333,High
-13.216255,8.34383,High
-13.20533167,8.473986667,High
-13.18567333,8.464538333,High
-13.25646667,8.386496667,High
-13.14409333,8.385241667,High
-13.25753167,8.384765,High
-13.27636833,8.436511667,High
-13.25167,8.396713333,High
-13.21227667,8.481021667,High
-13.13337,8.393681667,High
-13.26416333,8.39698,High
-13.26261167,8.473346667,High
-13.169985,8.435768333,High
-13.208325,8.486706667,High
-13.14385333,8.382345,High
-13.25907167,8.447615,High
-13.13652833,8.373816667,High
-13.27814167,8.434918333,High
-13.15982667,8.396633333,High
-13.25667167,8.401928333,High
-13.23106167,8.368911667,High
-13.12591833,8.385246667,High
-13.20540333,8.473535,High
-13.25690667,8.442668333,High
-13.14439333,8.382046667,High
-13.21689,8.481366667,High
-13.24908333,8.448841667,High
-13.1808,8.45504,High
-13.14820333,8.374806667,High
-13.147425,8.380086667,High
-13.148655,8.376493333,High
-13.28806,8.428751667,High
-13.25151667,8.453505,High
-13.12872833,8.389318333,High
-13.21385,8.480126667,High
-13.27644833,8.436468333,High
-13.20866667,8.476063333,High
-13.27337333,8.420425,High
-13.12897667,8.391593333,High
-13.13415667,8.391318333,High
-13.14740833,8.372496667,High
-13.25939833,8.383021667,High
-13.25607667,8.387046667,High
-13.26470667,8.398688333,High
-13.21439,8.480106667,High
-13.22932833,8.478123333,High
-13.27756,8.427223333,High
-13.26492333,8.395123333,High
-13.12828,8.395101667,High
-13.13253333,8.378716667,High
-13.23452167,8.363653333,High
-13.1403,8.372873333,High
-13.21285833,8.341143333,High
-13.14014333,8.373085,High
-13.22741667,8.346838333,High
-13.14944167,8.400951667,High
-13.13645833,8.37361,High
-13.135365,8.376166667,High
-13.20106167,8.439973333,High
-13.18336167,8.456115,High
-13.226395,8.479595,High
-13.27455333,8.421363333,High
-13.25975833,8.387985,High
-13.13541333,8.37626,High
-13.20602833,8.46939,High
-13.21332,8.433788333,High
-13.13477833,8.392433333,High
-13.12917333,8.394841667,High
-13.22826,8.37007,High
-13.26178833,8.404926667,High
-13.26454,8.395638333,High
-13.14599167,8.381073333,High
-13.27292167,8.445388333,High
-13.12334833,8.393826667,High
-13.20311,8.338581667,High
-13.24639333,8.480173333,High
-13.26152833,8.405493333,High
-13.25727,8.38523,High
-13.14636167,8.380855,High
-13.26264,8.466416667,High
-13.23736667,8.483141667,High
-13.25926833,8.444298333,High
-13.25358833,8.399406667,High
-13.192025,8.460473333,High
-13.144895,8.370645,High
-13.26005333,8.447216667,High
-13.26328,8.402523333,High
-13.14438667,8.401398333,High
-13.14236,8.409611667,High
-13.14833333,8.377795,High
-13.27824333,8.434653333,High
-13.20651167,8.471898333,High
-13.23641,8.481648333,High
-13.13234167,8.380513333,High
-13.171425,8.434088333,High
-13.21370333,8.341693333,High
-13.13239167,8.393948333,High
-13.135965,8.374645,High
-13.12419333,8.396073333,High
-13.21491833,8.481411667,High
-13.27222,8.44217,High
-13.26399333,8.396698333,High
-13.250935,8.451356667,High
-13.27749,8.43594,High
-13.26364833,8.402313333,High
-13.21442167,8.48382,High
-13.20552167,8.470495,High
-13.23681167,8.373773333,High
-13.25133833,8.471228333,High
-13.20099167,8.43546,High
-13.27761333,8.435736667,High
-13.22660667,8.478331667,High
-13.21303,8.345398333,High
-13.24701667,8.446708333,High
-13.12903833,8.389766667,High
-13.22169,8.478093333,High
-13.24659,8.383665,High
-13.13347,8.372661667,High
-13.14863,8.376333333,High
-13.28799167,8.428133333,High
-13.21796333,8.435721667,High
-13.274605,8.436613333,High
-13.24719833,8.471403333,High
-13.199795,8.33772,High
-13.18391667,8.34313,High
-13.20213667,8.3383,High
-13.226275,8.348321667,High
-13.28466667,8.425303333,High
-13.23032667,8.354036667,High
-13.14830333,8.37784,High
-13.22513667,8.347636667,High
-13.24726,8.471473333,High
-13.20107167,8.43993,High
-13.24480167,8.469481667,High
-13.264625,8.452411667,High
-13.151465,8.40158,High
-13.14063667,8.371908333,High
-13.24683667,8.383818333,High
-13.14283167,8.412733333,High
-13.13217833,8.381043333,High
-13.14867167,8.376571667,High
-13.218285,8.484356667,High
-13.20576,8.469848333,High
-13.215025,8.449751667,High
-13.13811333,8.378303333,High
-13.26335667,8.465293333,High
-13.26064667,8.383756667,High
-13.20457333,8.3392,High
-13.135305,8.376045,High
-13.14831167,8.375023333,High
-13.25943333,8.451095,High
-13.13263,8.375668333,High
-13.14247167,8.412985,High
-13.14275,8.407878333,High
-13.26440167,8.469818333,High
-13.13272,8.373778333,High
-13.12614167,8.385006667,High
-13.20593833,8.473198333,High
-13.22814667,8.370463333,High
-13.129325,8.390716667,High
-13.26281833,8.473316667,High
-13.24970833,8.456495,High
-13.12238,8.388156667,High
-13.19968,8.428905,High
-13.12045167,8.394743333,High
-13.21725,8.439286667,High
-13.199515,8.428115,High
-13.13894333,8.374788333,High
-13.20557,8.470916667,High
-13.22586833,8.481108333,High
-13.27033667,8.440521667,High
-13.13580167,8.374855,High
-13.13856833,8.37565,High
-13.21683333,8.441111667,High
-13.189175,8.462858333,High
-13.20814833,8.470388333,High
-13.25922833,8.479121667,High
-13.26603167,8.428968333,High
-13.13547167,8.386388333,High
-13.13536667,8.370725,High
-13.13733,8.378426667,High
-13.13259833,8.393888333,High
-13.25213,8.397315,High
-13.18822167,8.343968333,High
-13.16080167,8.4284,High
-13.12897833,8.382676667,High
-13.25890833,8.460101667,High
-13.27493833,8.436763333,High
-13.15056333,8.412753333,High
-13.28070833,8.42646,High
-13.24738,8.447115,High
-13.27748,8.435921667,High
-13.23457667,8.36143,High
-13.25560167,8.403145,High
-13.22963,8.348473333,High
-13.19097167,8.342591667,High
-13.26437333,8.412773333,High
-13.19043,8.46153,High
-13.13565167,8.376761667,High
-13.12197333,8.394173333,High
-13.258435,8.458083333,High
-13.14054333,8.372468333,High
-13.26806667,8.456445,High
-13.12808333,8.392246667,High
-13.25930167,8.444253333,High
-13.24939,8.448905,High
-13.272855,8.420033333,High
-13.14292,8.383331667,High
-13.23406833,8.362041667,High
-13.14494333,8.381751667,High
-13.25162333,8.45337,High
-13.180195,8.452973333,High
-13.21100667,8.477413333,High
-13.20548167,8.472048333,High
-13.179895,8.339516667,High
-13.256635,8.474975,High
-13.19962667,8.427268333,High
-13.27126667,8.441876667,High
-13.22798667,8.370828333,High
-13.27662167,8.436401667,High
-13.20787833,8.471638333,High
-13.26040833,8.393546667,High
-13.27613333,8.42356,High
-13.283685,8.42575,High
-13.26129333,8.404721667,High
-13.226625,8.347871667,High
-13.17974833,8.453226667,High
-13.218705,8.434798333,High
-13.24649167,8.447145,High
-13.21508167,8.481523333,High
-13.28791667,8.425156667,High
-13.20620833,8.474513333,High
-13.26155167,8.405403333,High
-13.18834833,8.463316667,High
-13.20026667,8.33773,High
-13.24745167,8.447151667,High
-13.12765833,8.392411667,High
-13.13846,8.375903333,High
-13.25652833,8.441711667,High
-13.26293167,8.468546667,High
-13.25694667,8.402076667,High
-13.26075833,8.478265,High
-13.14002,8.373246667,High
-13.194285,8.462305,High
-13.26458167,8.452365,High
-13.252925,8.4568,High
-13.22984,8.351648333,High
-13.261195,8.444973333,High
-13.24719167,8.446886667,High
-13.26127833,8.44533,High
-13.25957,8.383115,High
-13.27165833,8.442011667,High
-13.12730167,8.383858333,High
-13.132255,8.380698333,High
-13.12426833,8.396053333,High
-13.20543833,8.47411,High
-13.13738667,8.37845,High
-13.14838167,8.400533333,High
-13.25825,8.390133333,High
-13.19314333,8.462611667,High
-13.17934167,8.453783333,High
-13.254485,8.400411667,High
-13.236065,8.487646667,High
-13.12548667,8.385646667,High
-13.19250667,8.460086667,High
-13.20500333,8.47271,High
-13.25759167,8.44411,High
-13.25139833,8.452136667,High
-13.12865,8.38885,High
-13.260685,8.478661667,High
-13.27293167,8.447806667,High
-13.25607333,8.404001667,High
-13.20596833,8.46958,High
-13.279845,8.42668,High
-13.20109333,8.439841667,High
-13.14833833,8.377781667,High
-13.21627,8.446743333,High
-13.24684333,8.4478,High
-13.22995833,8.352036667,High
-13.19148667,8.461766667,High
-13.14415833,8.385471667,High
-13.13008667,8.382291667,High
-13.26336,8.394318333,High
-13.28812333,8.42925,High
-13.23409833,8.36206,High
-13.23653833,8.37354,High
-13.22865333,8.478045,High
-13.25107833,8.451763333,High
-13.16927667,8.434586667,High
-13.17942667,8.453901667,High
-13.13541833,8.370851667,High
-13.13979167,8.373553333,High
-13.13552333,8.376483333,High
-13.28233333,8.42617,High
-13.22069833,8.489666667,High
-13.23544333,8.487121667,High
-13.25662833,8.401901667,High
-13.26559167,8.402285,High
-13.13104,8.394345,High
-13.21932333,8.345203333,High
-13.24138,8.379106667,High
-13.13373167,8.393621667,High
-13.20540833,8.474108333,High
-13.18033333,8.452851667,High
-13.21123667,8.478081667,High
-13.26183667,8.466953333,High
-13.24066167,8.377373333,High
-13.25407333,8.439278333,High
-13.25585167,8.387425,High
-13.256595,8.386236667,High
-13.21180167,8.345938333,High
-13.24038667,8.485826667,High
-13.21946667,8.345226667,High
-13.184235,8.458456667,High
-13.18490667,8.464655,High
-13.12685667,8.39299,High
-13.254095,8.399946667,High
-13.21416667,8.485451667,High
-13.25765333,8.38464,High
-13.215505,8.449588333,High
-13.137385,8.379948333,High
-13.25080333,8.450428333,High
-13.28847333,8.431768333,High
-13.25368833,8.438921667,High
-13.28675833,8.431951667,High
-13.22133333,8.479016667,High
-13.26158833,8.477091667,High
-13.13257333,8.377285,High
-13.26136667,8.445953333,High
-13.23216333,8.362103333,High
-13.26036,8.477561667,High
-13.12776833,8.392373333,High
-13.265965,8.401436667,High
-13.2584,8.390013333,High
-13.24045167,8.377058333,High
-13.20568167,8.47379,High
-13.12385833,8.388336667,High
-13.22936333,8.348885,High
-13.21184,8.345923333,High
-13.26299833,8.46602,High
-13.13883333,8.37499,High
-13.13367667,8.371185,High
-13.23090167,8.357256667,High
-13.26177167,8.473076667,High
-13.137885,8.376538333,High
-13.25116667,8.451873333,High
-13.18515833,8.343553333,High
-13.25112667,8.451818333,High
-13.2399,8.376465,High
-13.20682,8.340658333,High
-13.127655,8.395266667,High
-13.13726,8.378175,High
-13.27158,8.441993333,High
-13.11801,8.396031667,High
-13.20173,8.33811,High
-13.12134667,8.394363333,High
-13.20558333,8.471103333,High
-13.236435,8.373453333,High
-13.26494833,8.39497,High
-13.14382333,8.370021667,High
-13.25904,8.447641667,High
-13.20986,8.340133333,High
-13.21851333,8.434865,High
-13.261735,8.47327,High
-13.14221667,8.413131667,High
-13.13456667,8.387893333,High
-13.26334167,8.402395,High
-13.24879833,8.448751667,High
-13.28336167,8.425908333,High
-13.26493333,8.395098333,High
-13.20763167,8.465556667,High
-13.207,8.467428333,High
-13.25977,8.387738333,High
-13.13237,8.380453333,High
-13.27889833,8.443291667,High
-13.13377,8.393605,High
-13.25979667,8.461823333,High
-13.14885833,8.400711667,High
-13.20652333,8.471868333,High
-13.13430667,8.39162,High
-13.22744667,8.44536,High
-13.27369667,8.435978333,High
-13.22548167,8.482061667,High
-13.28748,8.431741667,High
-13.25142667,8.453936667,High
-13.25437333,8.388136667,High
-13.21632667,8.481391667,High
-13.24071,8.377455,High
-13.13258833,8.378368333,High
-13.23602167,8.36287,High
-13.206235,8.474378333,High
-13.14345,8.408,High
-13.25807667,8.390285,High
-13.26168667,8.467955,High
-13.227075,8.347338333,High
-13.12693667,8.384213333,High
-13.21264667,8.34553,High
-13.26486333,8.394741667,High
-13.20833,8.469206667,High
-13.28288333,8.426053333,High
-13.13362667,8.37184,High
-13.205555,8.470116667,High
-13.25260333,8.398463333,High
-13.25340333,8.399185,High
-13.277155,8.425353333,High
-13.14529833,8.401493333,High
-13.25179167,8.453163333,High
-13.270625,8.439031667,High
-13.13757167,8.37681,High
-13.18227833,8.334803333,High
-13.21630167,8.446411667,High
-13.20018333,8.426638333,High
-13.210955,8.484656667,High
-13.25017667,8.471895,High
-13.17939,8.453401667,High
-13.27162,8.442005,High
-13.20641833,8.473465,High
-13.14385167,8.38455,High
-13.27607833,8.423485,High
-13.20110667,8.430825,High
-13.20877,8.448556667,High
-13.26861167,8.482908333,High
-13.18217167,8.334803333,High
-13.25095667,8.45127,High
-13.18721833,8.344998333,High
-13.201725,8.430978333,High
-13.13481,8.387265,High
-13.23030333,8.353905,High
-13.13813667,8.379738333,High
-13.26270667,8.393976667,High
-13.27899167,8.444195,High
-13.205585,8.471758333,High
-13.21876,8.489623333,High
-13.20947833,8.475666667,High
-13.14226833,8.409361667,High
-13.15005833,8.401176667,High
-13.27742,8.426223333,High
-13.259945,8.387015,High
-13.25434333,8.400813333,High
-13.13763333,8.377165,High
-13.14455333,8.402143333,High
-13.11978,8.39506,High
-13.21157833,8.479211667,High
-13.21247,8.345605,High
-13.23819167,8.487461667,High
-13.25983333,8.404011667,High
-13.25557667,8.387796667,High
-13.26545667,8.40225,High
-13.26443833,8.427686667,High
-13.28471333,8.425281667,High
-13.22231,8.435233333,High
-13.21920167,8.345186667,High
-13.25187167,8.45301,High
-13.21448833,8.44468,High
-13.25694667,8.385738333,High
-13.19235833,8.460236667,High
-13.26082667,8.384635,High
-13.19184833,8.462463333,High
-13.13505167,8.369611667,High
-13.28238167,8.426165,High
-13.265065,8.428178333,High
-13.256715,8.401958333,High
-13.253925,8.399753333,High
-13.25383833,8.439053333,High
-13.24680833,8.470998333,High
-13.14288,8.383408333,High
-13.18592333,8.464468333,High
-13.19114667,8.461543333,High
-13.20785667,8.464425,High
-13.230045,8.346385,High
-13.132595,8.376713333,High
-13.214805,8.481296667,High
-13.25063667,8.455783333,High
-13.21578167,8.445266667,High
-13.123705,8.394935,High
-13.181335,8.455645,High
-13.24657667,8.470785,High
-13.26112333,8.404685,High
-13.21801833,8.436116667,High
-13.19091833,8.461386667,High
-13.25853,8.383241667,High
-13.24677333,8.446638333,High
-13.20242167,8.338378333,High
-13.22135333,8.477143333,High
-13.14683667,8.38055,High
-13.26483,8.39531,High
-13.14480833,8.370415,High
-13.25699833,8.385653333,High
-13.26438,8.39469,High
-13.22800667,8.370746667,High
-13.21527,8.480723333,High
-13.13719167,8.377716667,High
-13.25652833,8.386413333,High
-13.13354333,8.372178333,High
-13.24958,8.45648,High
-13.14684333,8.412641667,High
-13.18646333,8.464286667,High
-13.23583167,8.372903333,High
-13.20555333,8.470718333,High
-13.19887833,8.429731667,High
-13.13219667,8.380856667,High
-13.25006,8.449638333,High
-13.23739667,8.488025,High
-13.28801167,8.426016667,High
-13.26142167,8.394471667,High
-13.13258667,8.378158333,High
-13.23523333,8.361251667,High
-13.23814667,8.487496667,High
-13.127345,8.383821667,High
-13.226055,8.442326667,High
-13.264915,8.394821667,High
-13.20556833,8.470845,High
-13.18154667,8.455875,High
-13.19221667,8.460345,High
-13.26420833,8.397058333,High
-13.21110833,8.484508333,High
-13.21542333,8.449641667,High
-13.26149,8.47716,High
-13.26195833,8.460891667,High
-13.214095,8.48563,High
-13.26159,8.46776,High
-13.16346167,8.399458333,High
-13.24758,8.384286667,High
-13.18121167,8.455491667,High
-13.13814167,8.376255,High
-13.25395,8.446181667,High
-13.18104167,8.455251667,High
-13.21756,8.482601667,High
-13.219385,8.4896,High
-13.13508167,8.369591667,High
-13.26494667,8.402196667,High
-13.21014,8.44987,High
-13.26116833,8.444871667,High
-13.13773167,8.37734,High
-13.21627333,8.481441667,High
-13.12793167,8.382668333,High
-13.135705,8.374935,High
-13.28781667,8.431683333,High
-13.13385833,8.393546667,High
-13.13557667,8.376576667,High
-13.21605833,8.449035,High
-13.23080667,8.369043333,High
-13.147385,8.380155,High
-13.26634,8.429116667,High
-13.13634,8.378045,High
-13.23393833,8.371388333,High
-13.12814167,8.395131667,High
-13.20541833,8.340041667,High
-13.27146667,8.437463333,High
-13.27442333,8.43665,High
-13.12351667,8.394455,High
-13.12371167,8.394693333,High
-13.22792167,8.477275,High
-13.20669333,8.471211667,High
-13.15047333,8.401328333,High
-13.26040167,8.383595,High
-13.261445,8.446625,High
-13.21374833,8.480178333,High
-13.205205,8.422276667,High
-13.262585,8.451866667,High
-13.25990667,8.383316667,High
-13.21639167,8.445471667,High
-13.26349667,8.395058333,High
-13.21633667,8.446048333,High
-13.12700833,8.395425,High
-13.25913833,8.460311667,High
-13.13599333,8.3746,High
-13.26162667,8.473365,High
-13.18002667,8.452731667,High
-13.23324667,8.370791667,High
-13.26461333,8.452378333,High
-13.225335,8.34777,High
-13.23971167,8.482781667,High
-13.27225,8.442188333,High
-13.263535,8.395153333,High
-13.217715,8.48222,High
-13.13559833,8.376608333,High
-13.24796833,8.448736667,High
-13.225335,8.482443333,High
-13.26347667,8.46471,High
-13.25981667,8.387513333,High
-13.23431833,8.37173,High
-13.25967833,8.392758333,High
-13.14358667,8.412263333,High
-13.147145,8.380353333,High
-13.203725,8.33883,High
-13.13477167,8.387351667,High
-13.24755,8.447208333,High
-13.17502167,8.433661667,High
-13.278885,8.443168333,High
-13.208325,8.468806667,High
-13.25820833,8.383746667,High
-13.18051833,8.45274,High
-13.23570333,8.48653,High
-13.23669667,8.37367,High
-13.132485,8.380176667,High
-13.18526833,8.464716667,High
-13.13444833,8.370458333,High
-13.13735333,8.378386667,High
-13.12915667,8.391213333,High
-13.28753833,8.423548333,High
-13.24591833,8.470046667,High
-13.25851,8.391625,High
-13.21174,8.450131667,High
-13.13567833,8.371261667,High
-13.28685833,8.431928333,High
-13.13727,8.37974,High
-13.13951833,8.373873333,High
-13.14729167,8.380238333,High
-13.19903,8.429343333,High
-13.13748833,8.37907,High
-13.24896167,8.447193333,High
-13.13519333,8.375838333,High
-13.13252167,8.379025,High
-13.25842333,8.457531667,High
-13.12873167,8.391913333,High
-13.25675833,8.474928333,High
-13.11780833,8.39706,High
-13.21523667,8.480523333,High
-13.18636167,8.34443,High
-13.25420333,8.44827,High
-13.20089333,8.337913333,High
-13.24668833,8.44776,High
-13.12713167,8.384021667,High
-13.27639833,8.436528333,High
-13.19218333,8.460366667,High
-13.12783,8.38336,High
-13.23601167,8.362791667,High
-13.20756,8.471228333,High
-13.13697167,8.377618333,High
-13.14373667,8.38444,High
-13.26062667,8.447198333,High
-13.206585,8.340593333,High
-13.2517,8.386911667,High
-13.28821833,8.429733333,High
-13.15996667,8.424841667,High
-13.264475,8.452696667,High
-13.265435,8.399596667,High
-13.23537333,8.44881,High
-13.12266,8.388325,High
-13.13695667,8.386345,High
-13.25159333,8.453396667,High
-13.23578333,8.487296667,High
-13.1325,8.393925,High
-13.135165,8.386636667,High
-13.28795333,8.424271667,High
-13.2513,8.471196667,High
-13.13524667,8.369838333,High
-13.24068833,8.377416667,High
-13.14814667,8.400505,High
-13.23600167,8.362703333,High
-13.13816833,8.376231667,High
-13.26627,8.401806667,High
-13.25860667,8.477948333,High
-13.18334,8.342935,High
-13.272675,8.419891667,High
-13.127965,8.39231,High
-13.25493,8.388351667,High
-13.22840833,8.369896667,High
-13.14569333,8.372483333,High
-13.28759333,8.431691667,High
-13.25445667,8.400283333,High
-13.171785,8.433886667,High
-13.263025,8.468591667,High
-13.20513833,8.339675,High
-13.21509,8.445101667,High
-13.13791167,8.377823333,High
-13.143455,8.382523333,High
-13.25972667,8.3928,High
-13.23883167,8.375538333,High
-13.26000167,8.404191667,High
-13.23017167,8.353093333,High
-13.267965,8.483823333,High
-13.25391667,8.446605,High
-13.23506,8.36124,High
-13.13553833,8.376513333,High
-13.248445,8.448821667,High
-13.26763333,8.46479,High
-13.277185,8.43204,High
-13.13346333,8.372836667,High
-13.28664167,8.432011667,High
-13.21807667,8.481451667,High
-13.16296333,8.39906,High
-13.21274667,8.341058333,High
-13.25845833,8.477295,High
-13.21101167,8.450241667,High
-13.26742833,8.430001667,High
-13.26536833,8.428426667,High
-13.20929833,8.449268333,High
-13.27930333,8.448553333,High
-13.18065,8.454906667,High
-13.26134667,8.445546667,High
-13.2056,8.471265,High
-13.21523667,8.479946667,High
-13.26558,8.399871667,High
-13.22596833,8.480836667,High
-13.264695,8.398583333,High
-13.275925,8.43683,High
-13.25095333,8.451111667,High
-13.26388333,8.402376667,High
-13.256405,8.40343,High
-13.14860667,8.377388333,High
-13.142505,8.40784,High
-13.14294667,8.383246667,High
-13.19881,8.337948333,High
-13.13478833,8.369985,High
-13.24740833,8.471666667,High
-13.19188833,8.460616667,High
-13.25976667,8.47884,High
-13.25539667,8.449655,High
-13.22295,8.481991667,High
-13.14850667,8.375465,High
-13.12298,8.394245,High
-13.25138,8.445715,High
-13.258435,8.476566667,High
-13.14698333,8.372473333,High
-13.131165,8.381408333,High
-13.19198167,8.46252,High
-13.258075,8.383916667,High
-13.21504833,8.449741667,High
-13.20832167,8.469073333,High
-13.19971167,8.428521667,High
-13.21738333,8.482983333,High
-13.278665,8.450145,High
-13.126775,8.393031667,High
-13.180685,8.454948333,High
-13.26058833,8.451423333,High
-13.25346,8.474413333,High
-13.136445,8.373543333,High
-13.12569,8.385486667,High
-13.20462333,8.339233333,High
-13.20152333,8.338011667,High
-13.14543333,8.401356667,High
-13.12535,8.395823333,High
-13.20036,8.430603333,High
-13.18905833,8.46307,High
-13.13458833,8.387856667,High
-13.25995833,8.40417,High
-13.26372833,8.45454,High
-13.23348,8.363961667,High
-13.25933167,8.46163,High
-13.21673333,8.488621667,High
-13.17957333,8.339086667,High
-13.26247167,8.39392,High
-13.26773333,8.46452,High
-13.13721167,8.378045,High
-13.26817167,8.463476667,High
-13.27097,8.438338333,High
-13.23049,8.347181667,High
-13.14229667,8.409446667,High
-13.23305833,8.370633333,High
-13.25894667,8.478958333,High
-13.13197667,8.394071667,High
-13.12770667,8.382878333,High
-13.25115167,8.47113,High
-13.22268667,8.480548333,High
-13.21623333,8.44834,High
-13.21222667,8.43324,High
-13.266295,8.42909,High
-13.20235167,8.42753,High
-13.26280833,8.394005,High
-13.26578333,8.402336667,High
-13.26606333,8.469251667,High
-13.2514,8.454046667,High
-13.26946,8.481548333,High
-13.26046667,8.383635,High
-13.27764167,8.427343333,High
-13.22492833,8.347493333,High
-13.25174833,8.453225,High
-13.122385,8.388138333,High
-13.27263,8.43797,High
-13.22934667,8.369405,High
-13.20884,8.448675,High
-13.123075,8.393916667,High
-13.25879833,8.382813333,High
-13.25935333,8.447445,High
-13.25842333,8.457761667,High
-13.19969333,8.427201667,High
-13.19223333,8.460333333,High
-13.13511833,8.375641667,High
-13.22651833,8.348015,High
-13.26003833,8.461798333,High
-13.22947667,8.345985,High
-13.14217333,8.413155,High
-13.25842167,8.457685,High
-13.26634333,8.484743333,High
-13.139495,8.373895,High
-13.21999167,8.483363333,High
-13.27761,8.428613333,High
-13.26553833,8.399788333,High
-13.13563833,8.376716667,High
-13.278165,8.434891667,High
-13.17295667,8.432961667,High
-13.28906167,8.423105,High
-13.24517,8.469361667,High
-13.15129167,8.4015,High
-13.14990333,8.41246,High
-13.27040167,8.418018333,High
-13.21572167,8.445263333,High
-13.128145,8.39222,High
-13.24980667,8.456486667,High
-13.22726167,8.347061667,High
-13.23770167,8.487826667,High
-13.26527667,8.413738333,High
-13.284205,8.425513333,High
-13.25149667,8.453565,High
-13.259305,8.447463333,High
-13.14137,8.370655,High
-13.21481833,8.444928333,High
-13.13260333,8.374956667,High
-13.21131,8.346196667,High
-13.24985667,8.472233333,High
-13.14706167,8.41276,High
-13.13462833,8.370196667,High
-13.14844,8.375216667,High
-13.133445,8.373223333,High
-13.21746667,8.480993333,High
-13.25859833,8.47803,High
-13.20164333,8.433165,High
-13.21125,8.484226667,High
-13.26633333,8.401876667,High
-13.28771,8.423445,High
-13.18402,8.46507,High
-13.12684333,8.384283333,High
-13.13766667,8.37674,High
-13.21412,8.485575,High
-13.21544333,8.481741667,High
-13.26327167,8.394563333,High
-13.23544833,8.487113333,High
-13.12913167,8.391265,High
-13.27391667,8.437551667,High
-13.12793667,8.392321667,High
-13.260785,8.404598333,High
-13.19154333,8.460933333,High
-13.25955333,8.444111667,High
-13.26848333,8.43363,High
-13.256625,8.403055,High
-13.25073167,8.450251667,High
-13.21772833,8.485806667,High
-13.19944167,8.427486667,High
-13.27348833,8.43581,High
-13.20499333,8.424106667,High
-13.14412333,8.369771667,High
-13.234275,8.371685,High
-13.27921667,8.44668,High
-13.22695833,8.47888,High
-13.216605,8.434135,High
-13.21657333,8.489018333,High
-13.132575,8.377368333,High
-13.15011167,8.401196667,High
-13.19146,8.460993333,High
-13.26382667,8.396421667,High
-13.14491167,8.371255,High
-13.26144333,8.404776667,High
-13.25189833,8.452971667,High
-13.287905,8.425071667,High
-13.25007167,8.44653,High
-13.126185,8.384945,High
-13.16896333,8.434306667,High
-13.26075,8.39412,High
-13.13520667,8.375506667,High
-13.13346167,8.372746667,High
-13.237305,8.488095,High
-13.12933167,8.390316667,High
-13.25608667,8.403968333,High
-13.20746,8.447111667,High
-13.206475,8.472158333,High
-13.26332333,8.394311667,High
-13.12384667,8.39365,High
-13.14972667,8.401066667,High
-13.20635167,8.473778333,High
-13.25998,8.461798333,High
-13.129755,8.394681667,High
-13.13717,8.378515,High
-13.24704833,8.44673,High
-13.26367667,8.402325,High
-13.13315833,8.373498333,High
-13.14345833,8.384183333,High
-13.27131167,8.437586667,High
-13.25948833,8.40353,High
-13.14648667,8.380776667,High
-13.13346667,8.372901667,High
-13.15294167,8.39917,High
-13.20251833,8.42797,High
-13.18000333,8.452723333,High
-13.12315833,8.394301667,High
-13.25593667,8.387301667,High
-13.25712333,8.38545,High
-13.143645,8.382468333,High
-13.25070667,8.454806667,High
-13.22466667,8.48387,High
-13.25387333,8.399686667,High
-13.24048333,8.482116667,High
-13.20805167,8.487063333,High
-13.26487667,8.39476,High
-13.14797167,8.374101667,High
-13.25842167,8.458216667,High
-13.26722667,8.465885,High
-13.28709,8.431906667,High
-13.26488667,8.398838333,High
-13.26395667,8.427248333,High
-13.27809167,8.434991667,High
-13.20820167,8.463095,High
-13.27352,8.438335,High
-13.26510833,8.428213333,High
-13.15987,8.42401,High
-13.14255167,8.407841667,High
-13.136205,8.377761667,High
-13.13228167,8.393973333,High
-13.270575,8.43453,High
-13.21706667,8.343893333,High
-13.1389,8.374866667,High
-13.20799167,8.464126667,High
-13.2252,8.4828,High
-13.13734167,8.377611667,High
-13.18009333,8.454455,High
-13.14247167,8.40785,High
-13.25198167,8.397116667,High
-13.25613667,8.386958333,High
-13.21521,8.481611667,High
-13.26144,8.446556667,High
-13.24973333,8.45649,High
-13.26466,8.45521,High
-13.27302,8.446726667,High
-13.25814667,8.39022,High
-13.18130667,8.45562,High
-13.135275,8.375986667,High
-13.25702333,8.443408333,High
-13.14968,8.412438333,High
-13.18956833,8.462298333,High
-13.13014333,8.382246667,High
-13.26481833,8.398343333,High
-13.23595833,8.487538333,High
-13.22543,8.347833333,High
-13.24998,8.449513333,High
-13.18039333,8.452806667,High
-13.21470167,8.342348333,High
-13.1599,8.396693333,High
-13.27546833,8.437013333,High
-13.25731167,8.38516,High
-13.13361333,8.371908333,High
-13.13254333,8.379998333,High
-13.24725667,8.44699,High
-13.22990833,8.34807,High
-13.13259833,8.37492,High
-13.23549,8.372585,High
-13.28851,8.43177,High
-13.25147833,8.39653,High
-13.230125,8.477938333,High
-13.11829667,8.395943333,High
-13.26131333,8.40473,High
-13.258415,8.4772,High
-13.22167833,8.478216667,High
-13.117815,8.396113333,High
-13.26160833,8.404838333,High
-13.14074833,8.371548333,High
-13.13444833,8.391775,High
-13.15095833,8.412951667,High
-13.27098833,8.434543333,High
-13.14793,8.378548333,High
-13.217295,8.487078333,High
-13.21319,8.345335,High
-13.26000167,8.38896,High
-13.25160167,8.452313333,High
-13.25186167,8.473568333,High
-13.28789333,8.424993333,High
-13.25724833,8.402161667,High
-13.23208,8.36992,High
-13.135445,8.37633,High
-13.14283,8.383511667,High
-13.14296333,8.410658333,High
-13.11791167,8.397148333,High
-13.13388833,8.370983333,High
-13.20062667,8.430755,High
-13.11872167,8.395751667,High
-13.13525167,8.386421667,High
-13.25090167,8.44601,High
-13.25228667,8.387291667,High
-13.207645,8.465215,High
-13.20490333,8.446423333,High
-13.271765,8.442033333,High
-13.13488833,8.392876667,High
-13.26485667,8.39842,High
-13.22469167,8.478701667,High
-13.28767833,8.431681667,High
-13.208745,8.448523333,High
-13.27032667,8.440478333,High
-13.271705,8.434615,High
-13.19361333,8.462486667,High
-13.142195,8.413143333,High
-13.25981,8.383255,High
-13.245885,8.383226667,High
-13.22820833,8.370146667,High
-13.25547667,8.40312,High
-13.268345,8.483313333,High
-13.24538167,8.38291,High
-13.193725,8.464665,High
-13.224445,8.484135,High
-13.238335,8.375111667,High
-13.206395,8.473576667,High
-13.26932,8.481773333,High
-13.21359333,8.480251667,High
-13.13305667,8.37358,High
-13.16977333,8.435111667,High
-13.12280333,8.39404,High
-13.12893333,8.391655,High
-13.25160833,8.453383333,High
-13.24552667,8.46959,High
-13.13253833,8.379666667,High
-13.22716667,8.478113333,High
-13.26392167,8.396525,High
-13.206255,8.340461667,High
-13.18387667,8.465315,High
-13.25967833,8.4038,High
-13.143005,8.383078333,High
-13.14561167,8.40021,High
-13.13920667,8.380148333,High
-13.138765,8.379878333,High
-13.21589833,8.445273333,High
-13.24449167,8.382345,High
-13.20526,8.421495,High
-13.13513,8.38679,High
-13.12931167,8.390191667,High
-13.2596,8.383141667,High
-13.21557,8.442775,High
-13.25840667,8.383453333,High
-13.14376,8.384461667,High
-13.23505667,8.48974,High
-13.24011,8.486011667,High
-13.260595,8.385601667,High
-13.26347167,8.46464,High
-13.128285,8.392151667,High
-13.251285,8.445771667,High
-13.21864167,8.434825,High
-13.18051667,8.337036667,High
-13.12416833,8.393515,High
-13.148145,8.412911667,High
-13.147425,8.379995,High
-13.232565,8.364138333,High
-13.25721833,8.402263333,High
-13.26587833,8.400965,High
-13.13957167,8.373825,High
-13.217315,8.48703,High
-13.12891,8.391693333,High
-13.287345,8.423596667,High
-13.146295,8.380898333,High
-13.20233833,8.427388333,High
-13.264115,8.396068333,High
-13.21468333,8.48097,High
-13.23566833,8.486898333,High
-13.25088333,8.450625,High
-13.19343,8.462585,High
-13.250365,8.446335,High
-13.132625,8.375795,High
-13.20645167,8.472266667,High
-13.26403833,8.427328333,High
-13.208175,8.463235,High
-13.14227833,8.370046667,High
-13.25145667,8.453793333,High
-13.13653,8.373841667,High
-13.13325833,8.373395,High
-13.26267833,8.403711667,High
-13.143985,8.38462,High
-13.188775,8.463226667,High
-13.11768333,8.396961667,High
-13.20588167,8.473345,High
-13.22676667,8.479066667,High
-13.24765667,8.384331667,High
-13.26092333,8.477328333,High
-13.27873167,8.449963333,High
-13.20662667,8.468366667,High
-13.24834833,8.448843333,High
-13.25482833,8.440353333,High
-13.25911833,8.44757,High
-13.2512,8.44583,High
-13.23620667,8.48787,High
-13.20822167,8.4714,High
-13.250845,8.450518333,High
-13.22982,8.346251667,High
-13.14293333,8.3833,High
-13.236065,8.481313333,High
-13.20558833,8.471145,High
-13.14381333,8.382381667,High
-13.14511,8.371486667,High
-13.14819167,8.40051,High
-13.13414167,8.390913333,High
-13.25732333,8.385133333,High
-13.214635,8.4808,High
-13.27300333,8.445738333,High
-13.12644833,8.384611667,High
-13.12154333,8.394303333,High
-13.13415667,8.391281667,High
-13.14663833,8.380691667,High
-13.13644,8.37351,High
-13.27810667,8.434411667,High
-13.21054,8.47617,High
-13.21590667,8.481735,High
